FIPS Code,State,Year,Month,Population,Labor force,Percent in labor force,Employed,Percent employed,Unemployed,Unemployment rate
01,Alabama,2020,01,"3,876,526   ","2,240,277   ",57.8   ,"2,180,872   ",56.3   ,"59,405   ",2.7   
02,Alaska,2020,01,"546,109   ","353,349   ",64.7   ,"335,692   ",61.5   ,"17,657   ",5.0   
04,Arizona,2020,01,"5,802,213   ","3,581,294   ",61.7   ,"3,409,624   ",58.8   ,"171,670   ",4.8   
05,Arkansas,2020,01,"2,353,674   ","1,372,291   ",58.3   ,"1,322,159   ",56.2   ,"50,132   ",3.7   
06,California,2020,01,"31,086,836   ","19,437,115   ",62.5   ,"18,613,291   ",59.9   ,"823,824   ",4.2   
037,Los Angeles County,2020,01,"8,031,759   ","5,192,929   ",64.7   ,"4,942,933   ",61.5   ,"249,996   ",4.8   
08,Colorado,2020,01,"4,584,112   ","3,154,544   ",68.8   ,"3,070,164   ",67.0   ,"84,380   ",2.7   
09,Connecticut,2020,01,"2,885,953   ","1,921,041   ",66.6   ,"1,850,746   ",64.1   ,"70,295   ",3.7   
10,Delaware,2020,01,"786,721   ","493,327   ",62.7   ,"472,306   ",60.0   ,"21,021   ",4.3   
11,District of Columbia,2020,01,"582,696   ","420,360   ",72.1   ,"399,827   ",68.6   ,"20,533   ",4.9   
12,Florida,2020,01,"17,555,962   ","10,458,937   ",59.6   ,"10,116,910   ",57.6   ,"342,027   ",3.3   
13,Georgia,2020,01,"8,260,627   ","5,198,431   ",62.9   ,"5,024,604   ",60.8   ,"173,827   ",3.3   
15,Hawaii,2020,01,"1,089,395   ","673,017   ",61.8   ,"659,237   ",60.5   ,"13,780   ",2.0   
16,Idaho,2020,01,"1,390,161   ","889,944   ",64.0   ,"867,117   ",62.4   ,"22,827   ",2.6   
17,Illinois,2020,01,"9,983,613   ","6,370,035   ",63.8   ,"6,149,010   ",61.6   ,"221,025   ",3.5   
18,Indiana,2020,01,"5,262,529   ","3,372,996   ",64.1   ,"3,266,538   ",62.1   ,"106,458   ",3.2   
19,Iowa,2020,01,"2,477,479   ","1,734,173   ",70.0   ,"1,684,860   ",68.0   ,"49,313   ",2.8   
20,Kansas,2020,01,"2,232,550   ","1,500,177   ",67.2   ,"1,453,029   ",65.1   ,"47,148   ",3.1   
21,Kentucky,2020,01,"3,504,469   ","2,081,086   ",59.4   ,"1,995,321   ",56.9   ,"85,765   ",4.1   
22,Louisiana,2020,01,"3,584,646   ","2,150,907   ",60.0   ,"2,041,637   ",57.0   ,"109,270   ",5.1   
23,Maine,2020,01,"1,115,592   ","699,646   ",62.7   ,"678,873   ",60.9   ,"20,773   ",3.0   
24,Maryland,2020,01,"4,773,748   ","3,298,221   ",69.1   ,"3,187,160   ",66.8   ,"111,061   ",3.4   
25,Massachusetts,2020,01,"5,647,161   ","3,763,790   ",66.6   ,"3,657,139   ",64.8   ,"106,651   ",2.8   
26,Michigan,2020,01,"7,998,157   ","4,936,707   ",61.7   ,"4,753,182   ",59.4   ,"183,525   ",3.7   
27,Minnesota,2020,01,"4,440,365   ","3,116,174   ",70.2   ,"3,017,331   ",68.0   ,"98,843   ",3.2   
28,Mississippi,2020,01,"2,288,349   ","1,284,171   ",56.1   ,"1,211,954   ",53.0   ,"72,217   ",5.6   
29,Missouri,2020,01,"4,828,271   ","3,099,592   ",64.2   ,"2,989,051   ",61.9   ,"110,541   ",3.6   
30,Montana,2020,01,"857,398   ","542,553   ",63.3   ,"522,727   ",61.0   ,"19,826   ",3.7   
31,Nebraska,2020,01,"1,484,013   ","1,044,199   ",70.4   ,"1,013,444   ",68.3   ,"30,755   ",2.9   
32,Nevada,2020,01,"2,460,603   ","1,597,920   ",64.9   ,"1,539,287   ",62.6   ,"58,633   ",3.7   
33,New Hampshire,2020,01,"1,127,119   ","773,561   ",68.6   ,"753,657   ",66.9   ,"19,904   ",2.6   
34,New Jersey,2020,01,"7,080,875   ","4,580,764   ",64.7   ,"4,413,361   ",62.3   ,"167,403   ",3.7   
35,New Mexico,2020,01,"1,648,883   ","965,005   ",58.5   ,"915,559   ",55.5   ,"49,446   ",5.1   
36,New York,2020,01,"15,629,851   ","9,518,110   ",60.9   ,"9,158,192   ",58.6   ,"359,918   ",3.8   
51000,New York city,2020,01,"6,705,628   ","4,071,802   ",60.7   ,"3,923,709   ",58.5   ,"148,093   ",3.6   
37,North Carolina,2020,01,"8,316,381   ","5,108,053   ",61.4   ,"4,928,448   ",59.3   ,"179,605   ",3.5   
38,North Dakota,2020,01,"584,888   ","407,647   ",69.7   ,"398,499   ",68.1   ,"9,148   ",2.2   
39,Ohio,2020,01,"9,256,594   ","5,895,125   ",63.7   ,"5,627,571   ",60.8   ,"267,554   ",4.5   
40,Oklahoma,2020,01,"3,044,378   ","1,850,300   ",60.8   ,"1,793,406   ",58.9   ,"56,894   ",3.1   
41,Oregon,2020,01,"3,428,283   ","2,108,977   ",61.5   ,"2,037,231   ",59.4   ,"71,746   ",3.4   
42,Pennsylvania,2020,01,"10,283,103   ","6,532,104   ",63.5   ,"6,216,949   ",60.5   ,"315,155   ",4.8   
44,Rhode Island,2020,01,"864,092   ","562,012   ",65.0   ,"540,769   ",62.6   ,"21,243   ",3.8   
45,South Carolina,2020,01,"4,104,607   ","2,366,322   ",57.7   ,"2,304,184   ",56.1   ,"62,138   ",2.6   
46,South Dakota,2020,01,"677,767   ","463,997   ",68.5   ,"450,535   ",66.5   ,"13,462   ",2.9   
47,Tennessee,2020,01,"5,413,972   ","3,338,446   ",61.7   ,"3,214,183   ",59.4   ,"124,263   ",3.7   
48,Texas,2020,01,"22,136,086   ","14,178,765   ",64.1   ,"13,673,709   ",61.8   ,"505,056   ",3.6   
49,Utah,2020,01,"2,377,669   ","1,630,818   ",68.6   ,"1,590,908   ",66.9   ,"39,910   ",2.4   
50,Vermont,2020,01,"518,807   ","343,628   ",66.2   ,"335,164   ",64.6   ,"8,464   ",2.5   
51,Virginia,2020,01,"6,711,014   ","4,453,855   ",66.4   ,"4,343,866   ",64.7   ,"109,989   ",2.5   
53,Washington,2020,01,"6,067,267   ","3,957,004   ",65.2   ,"3,799,953   ",62.6   ,"157,051   ",4.0   
54,West Virginia,2020,01,"1,447,094   ","805,300   ",55.6   ,"764,995   ",52.9   ,"40,305   ",5.0   
55,Wisconsin,2020,01,"4,647,953   ","3,084,954   ",66.4   ,"2,982,788   ",64.2   ,"102,166   ",3.3   
56,Wyoming,2020,01,"453,129   ","298,600   ",65.9   ,"285,320   ",63.0   ,"13,280   ",4.4   
01,Alabama,2020,02,"3,877,055   ","2,236,491   ",57.7   ,"2,177,852   ",56.2   ,"58,639   ",2.6   
02,Alaska,2020,02,"545,922   ","352,940   ",64.7   ,"335,023   ",61.4   ,"17,917   ",5.1   
04,Arizona,2020,02,"5,812,433   ","3,584,045   ",61.7   ,"3,407,756   ",58.6   ,"176,289   ",4.9   
05,Arkansas,2020,02,"2,354,279   ","1,371,944   ",58.3   ,"1,319,917   ",56.1   ,"52,027   ",3.8   
06,California,2020,02,"31,086,594   ","19,433,049   ",62.5   ,"18,587,756   ",59.8   ,"845,293   ",4.3   
037,Los Angeles County,2020,02,"8,028,560   ","5,197,862   ",64.7   ,"4,939,712   ",61.5   ,"258,150   ",5.0   
08,Colorado,2020,02,"4,588,565   ","3,153,582   ",68.7   ,"3,065,913   ",66.8   ,"87,669   ",2.8   
09,Connecticut,2020,02,"2,885,386   ","1,917,993   ",66.5   ,"1,846,218   ",64.0   ,"71,775   ",3.7   
10,Delaware,2020,02,"787,402   ","494,035   ",62.7   ,"471,865   ",59.9   ,"22,170   ",4.5   
11,District of Columbia,2020,02,"582,864   ","420,448   ",72.1   ,"399,437   ",68.5   ,"21,011   ",5.0   
12,Florida,2020,02,"17,571,923   ","10,461,404   ",59.5   ,"10,111,574   ",57.5   ,"349,830   ",3.3   
13,Georgia,2020,02,"8,266,924   ","5,201,435   ",62.9   ,"5,021,666   ",60.7   ,"179,769   ",3.5   
15,Hawaii,2020,02,"1,088,920   ","671,901   ",61.7   ,"658,112   ",60.4   ,"13,789   ",2.1   
16,Idaho,2020,02,"1,392,964   ","890,044   ",63.9   ,"866,502   ",62.2   ,"23,542   ",2.6   
17,Illinois,2020,02,"9,978,724   ","6,355,061   ",63.7   ,"6,128,641   ",61.4   ,"226,420   ",3.6   
18,Indiana,2020,02,"5,263,980   ","3,359,160   ",63.8   ,"3,250,571   ",61.8   ,"108,589   ",3.2   
19,Iowa,2020,02,"2,477,569   ","1,727,949   ",69.7   ,"1,678,066   ",67.7   ,"49,883   ",2.9   
20,Kansas,2020,02,"2,232,676   ","1,498,044   ",67.1   ,"1,450,486   ",65.0   ,"47,558   ",3.2   
21,Kentucky,2020,02,"3,504,588   ","2,077,898   ",59.3   ,"1,991,434   ",56.8   ,"86,464   ",4.2   
22,Louisiana,2020,02,"3,583,665   ","2,151,507   ",60.0   ,"2,039,411   ",56.9   ,"112,096   ",5.2   
23,Maine,2020,02,"1,115,854   ","699,067   ",62.6   ,"677,448   ",60.7   ,"21,619   ",3.1   
24,Maryland,2020,02,"4,773,523   ","3,298,443   ",69.1   ,"3,184,239   ",66.7   ,"114,204   ",3.5   
25,Massachusetts,2020,02,"5,647,178   ","3,747,222   ",66.4   ,"3,642,616   ",64.5   ,"104,606   ",2.8   
26,Michigan,2020,02,"7,996,913   ","4,927,949   ",61.6   ,"4,743,379   ",59.3   ,"184,570   ",3.7   
27,Minnesota,2020,02,"4,441,480   ","3,117,081   ",70.2   ,"3,013,513   ",67.8   ,"103,568   ",3.3   
28,Mississippi,2020,02,"2,287,820   ","1,283,304   ",56.1   ,"1,209,022   ",52.8   ,"74,282   ",5.8   
29,Missouri,2020,02,"4,828,978   ","3,097,559   ",64.1   ,"2,984,967   ",61.8   ,"112,592   ",3.6   
30,Montana,2020,02,"858,070   ","542,368   ",63.2   ,"522,142   ",60.9   ,"20,226   ",3.7   
31,Nebraska,2020,02,"1,484,359   ","1,043,340   ",70.3   ,"1,012,002   ",68.2   ,"31,338   ",3.0   
32,Nevada,2020,02,"2,464,244   ","1,599,451   ",64.9   ,"1,539,656   ",62.5   ,"59,795   ",3.7   
33,New Hampshire,2020,02,"1,127,540   ","770,973   ",68.4   ,"750,806   ",66.6   ,"20,167   ",2.6   
34,New Jersey,2020,02,"7,080,077   ","4,578,805   ",64.7   ,"4,408,621   ",62.3   ,"170,184   ",3.7   
35,New Mexico,2020,02,"1,649,631   ","964,169   ",58.4   ,"913,313   ",55.4   ,"50,856   ",5.3   
36,New York,2020,02,"15,620,576   ","9,504,276   ",60.8   ,"9,136,670   ",58.5   ,"367,606   ",3.9   
51000,New York city,2020,02,"6,699,948   ","4,068,726   ",60.7   ,"3,916,788   ",58.5   ,"151,938   ",3.7   
37,North Carolina,2020,02,"8,323,641   ","5,105,135   ",61.3   ,"4,921,641   ",59.1   ,"183,494   ",3.6   
38,North Dakota,2020,02,"584,891   ","406,788   ",69.5   ,"397,520   ",68.0   ,"9,268   ",2.3   
39,Ohio,2020,02,"9,255,817   ","5,899,009   ",63.7   ,"5,619,606   ",60.7   ,"279,403   ",4.7   
40,Oklahoma,2020,02,"3,045,622   ","1,847,072   ",60.6   ,"1,788,930   ",58.7   ,"58,142   ",3.1   
41,Oregon,2020,02,"3,430,274   ","2,107,699   ",61.4   ,"2,033,344   ",59.3   ,"74,355   ",3.5   
42,Pennsylvania,2020,02,"10,281,185   ","6,528,498   ",63.5   ,"6,204,448   ",60.3   ,"324,050   ",5.0   
44,Rhode Island,2020,02,"864,034   ","561,974   ",65.0   ,"539,776   ",62.5   ,"22,198   ",4.0   
45,South Carolina,2020,02,"4,108,954   ","2,365,321   ",57.6   ,"2,299,341   ",56.0   ,"65,980   ",2.8   
46,South Dakota,2020,02,"678,100   ","463,243   ",68.3   ,"449,740   ",66.3   ,"13,503   ",2.9   
47,Tennessee,2020,02,"5,417,729   ","3,333,471   ",61.5   ,"3,203,564   ",59.1   ,"129,907   ",3.9   
48,Texas,2020,02,"22,163,701   ","14,182,317   ",64.0   ,"13,662,942   ",61.6   ,"519,375   ",3.7   
49,Utah,2020,02,"2,381,430   ","1,631,216   ",68.5   ,"1,590,455   ",66.8   ,"40,761   ",2.5   
50,Vermont,2020,02,"518,755   ","342,887   ",66.1   ,"334,270   ",64.4   ,"8,617   ",2.5   
51,Virginia,2020,02,"6,713,131   ","4,448,623   ",66.3   ,"4,337,089   ",64.6   ,"111,534   ",2.5   
53,Washington,2020,02,"6,072,840   ","3,961,975   ",65.2   ,"3,799,304   ",62.6   ,"162,671   ",4.1   
54,West Virginia,2020,02,"1,446,237   ","805,704   ",55.7   ,"764,274   ",52.8   ,"41,430   ",5.1   
55,Wisconsin,2020,02,"4,648,731   ","3,075,655   ",66.2   ,"2,974,233   ",64.0   ,"101,422   ",3.3   
56,Wyoming,2020,02,"453,321   ","298,818   ",65.9   ,"284,507   ",62.8   ,"14,311   ",4.8   
01,Alabama,2020,03,"3,878,006   ","2,234,170   ",57.6   ,"2,176,275   ",56.1   ,"57,895   ",2.6   
02,Alaska,2020,03,"545,866   ","352,404   ",64.6   ,"334,331   ",61.2   ,"18,073   ",5.1   
04,Arizona,2020,03,"5,823,018   ","3,587,701   ",61.6   ,"3,406,748   ",58.5   ,"180,953   ",5.0   
05,Arkansas,2020,03,"2,355,118   ","1,372,102   ",58.3   ,"1,318,251   ",56.0   ,"53,851   ",3.9   
06,California,2020,03,"31,087,184   ","19,168,665   ",61.7   ,"18,304,574   ",58.9   ,"864,091   ",4.5   
037,Los Angeles County,2020,03,"8,025,672   ","4,938,802   ",61.5   ,"4,673,349   ",58.2   ,"265,453   ",5.4   
08,Colorado,2020,03,"4,593,310   ","3,099,232   ",67.5   ,"2,953,112   ",64.3   ,"146,120   ",4.7   
09,Connecticut,2020,03,"2,885,051   ","1,915,644   ",66.4   ,"1,842,200   ",63.9   ,"73,444   ",3.8   
10,Delaware,2020,03,"788,163   ","481,344   ",61.1   ,"458,200   ",58.1   ,"23,144   ",4.8   
11,District of Columbia,2020,03,"583,080   ","420,581   ",72.1   ,"398,895   ",68.4   ,"21,686   ",5.2   
12,Florida,2020,03,"17,589,075   ","10,629,624   ",60.4   ,"10,106,833   ",57.5   ,"522,791   ",4.9   
13,Georgia,2020,03,"8,273,938   ","5,205,472   ",62.9   ,"5,018,477   ",60.7   ,"186,995   ",3.6   
15,Hawaii,2020,03,"1,088,470   ","671,079   ",61.7   ,"657,086   ",60.4   ,"13,993   ",2.1   
16,Idaho,2020,03,"1,395,898   ","890,190   ",63.8   ,"865,860   ",62.0   ,"24,330   ",2.7   
17,Illinois,2020,03,"9,974,673   ","6,345,433   ",63.6   ,"6,109,809   ",61.3   ,"235,624   ",3.7   
18,Indiana,2020,03,"5,265,950   ","3,346,411   ",63.5   ,"3,235,038   ",61.4   ,"111,373   ",3.3   
19,Iowa,2020,03,"2,477,947   ","1,721,723   ",69.5   ,"1,671,622   ",67.5   ,"50,101   ",2.9   
20,Kansas,2020,03,"2,233,058   ","1,495,882   ",67.0   ,"1,448,406   ",64.9   ,"47,476   ",3.2   
21,Kentucky,2020,03,"3,505,113   ","2,075,112   ",59.2   ,"1,988,308   ",56.7   ,"86,804   ",4.2   
22,Louisiana,2020,03,"3,583,040   ","2,150,787   ",60.0   ,"2,036,022   ",56.8   ,"114,765   ",5.3   
23,Maine,2020,03,"1,116,239   ","697,728   ",62.5   ,"676,175   ",60.6   ,"21,553   ",3.1   
24,Maryland,2020,03,"4,773,662   ","3,298,663   ",69.1   ,"3,181,957   ",66.7   ,"116,706   ",3.5   
25,Massachusetts,2020,03,"5,647,723   ","3,728,887   ",66.0   ,"3,627,179   ",64.2   ,"101,708   ",2.7   
26,Michigan,2020,03,"7,996,478   ","4,917,789   ",61.5   ,"4,734,860   ",59.2   ,"182,929   ",3.7   
27,Minnesota,2020,03,"4,443,088   ","3,118,380   ",70.2   ,"3,008,879   ",67.7   ,"109,501   ",3.5   
28,Mississippi,2020,03,"2,287,475   ","1,283,188   ",56.1   ,"1,206,406   ",52.7   ,"76,782   ",6.0   
29,Missouri,2020,03,"4,830,226   ","3,096,593   ",64.1   ,"2,982,405   ",61.7   ,"114,188   ",3.7   
30,Montana,2020,03,"858,828   ","542,146   ",63.1   ,"521,657   ",60.7   ,"20,489   ",3.8   
31,Nebraska,2020,03,"1,484,852   ","1,043,236   ",70.3   ,"1,011,133   ",68.1   ,"32,103   ",3.1   
32,Nevada,2020,03,"2,467,941   ","1,587,900   ",64.3   ,"1,485,811   ",60.2   ,"102,089   ",6.4   
33,New Hampshire,2020,03,"1,128,113   ","768,900   ",68.2   ,"748,302   ",66.3   ,"20,598   ",2.7   
34,New Jersey,2020,03,"7,079,785   ","4,576,233   ",64.6   ,"4,404,152   ",62.2   ,"172,081   ",3.8   
35,New Mexico,2020,03,"1,650,449   ","963,348   ",58.4   ,"911,218   ",55.2   ,"52,130   ",5.4   
36,New York,2020,03,"15,612,413   ","9,490,040   ",60.8   ,"9,115,724   ",58.4   ,"374,316   ",3.9   
51000,New York city,2020,03,"6,694,518   ","4,067,414   ",60.8   ,"3,911,864   ",58.4   ,"155,550   ",3.8   
37,North Carolina,2020,03,"8,331,625   ","4,901,843   ",58.8   ,"4,713,081   ",56.6   ,"188,762   ",3.9   
38,North Dakota,2020,03,"584,972   ","406,525   ",69.5   ,"397,057   ",67.9   ,"9,468   ",2.3   
39,Ohio,2020,03,"9,256,097   ","5,836,682   ",63.1   ,"5,549,718   ",60.0   ,"286,964   ",4.9   
40,Oklahoma,2020,03,"3,047,166   ","1,844,387   ",60.5   ,"1,784,671   ",58.6   ,"59,716   ",3.2   
41,Oregon,2020,03,"3,432,553   ","2,106,741   ",61.4   ,"2,030,098   ",59.1   ,"76,643   ",3.6   
42,Pennsylvania,2020,03,"10,280,347   ","6,525,913   ",63.5   ,"6,194,061   ",60.3   ,"331,852   ",5.1   
44,Rhode Island,2020,03,"864,023   ","562,287   ",65.1   ,"539,591   ",62.5   ,"22,696   ",4.0   
45,South Carolina,2020,03,"4,113,703   ","2,367,167   ",57.5   ,"2,297,323   ",55.8   ,"69,844   ",3.0   
46,South Dakota,2020,03,"678,515   ","462,755   ",68.2   ,"449,245   ",66.2   ,"13,510   ",2.9   
47,Tennessee,2020,03,"5,422,052   ","3,328,051   ",61.4   ,"3,193,850   ",58.9   ,"134,201   ",4.0   
48,Texas,2020,03,"22,192,219   ","13,986,789   ",63.0   ,"13,306,781   ",60.0   ,"680,008   ",4.9   
49,Utah,2020,03,"2,385,460   ","1,631,706   ",68.4   ,"1,590,309   ",66.7   ,"41,397   ",2.5   
50,Vermont,2020,03,"518,754   ","342,487   ",66.0   ,"333,471   ",64.3   ,"9,016   ",2.6   
51,Virginia,2020,03,"6,715,837   ","4,447,482   ",66.2   ,"4,333,184   ",64.5   ,"114,298   ",2.6   
53,Washington,2020,03,"6,078,919   ","3,932,003   ",64.7   ,"3,724,793   ",61.3   ,"207,210   ",5.3   
54,West Virginia,2020,03,"1,445,593   ","805,737   ",55.7   ,"763,051   ",52.8   ,"42,686   ",5.3   
55,Wisconsin,2020,03,"4,649,987   ","3,065,273   ",65.9   ,"2,966,524   ",63.8   ,"98,749   ",3.2   
56,Wyoming,2020,03,"453,558   ","299,040   ",65.9   ,"283,757   ",62.6   ,"15,283   ",5.1   
01,Alabama,2020,04,"3,879,108   ","2,187,272   ",56.4   ,"1,899,019   ",49.0   ,"288,253   ",13.2   
02,Alaska,2020,04,"545,788   ","345,671   ",63.3   ,"304,991   ",55.9   ,"40,680   ",11.8   
04,Arizona,2020,04,"5,834,004   ","3,545,107   ",60.8   ,"3,040,409   ",52.1   ,"504,698   ",14.2   
05,Arkansas,2020,04,"2,356,097   ","1,371,571   ",58.2   ,"1,234,204   ",52.4   ,"137,367   ",10.0   
06,California,2020,04,"31,090,131   ","18,590,864   ",59.8   ,"15,624,429   ",50.3   ,"2,966,435   ",16.0   
037,Los Angeles County,2020,04,"8,023,020   ","4,789,146   ",59.7   ,"3,911,645   ",48.8   ,"877,501   ",18.3   
08,Colorado,2020,04,"4,598,343   ","2,983,132   ",64.9   ,"2,621,363   ",57.0   ,"361,769   ",12.1   
09,Connecticut,2020,04,"2,884,884   ","1,826,611   ",63.3   ,"1,669,743   ",57.9   ,"156,868   ",8.6   
10,Delaware,2020,04,"788,966   ","474,498   ",60.1   ,"411,017   ",52.1   ,"63,481   ",13.4   
11,District of Columbia,2020,04,"583,364   ","406,769   ",69.7   ,"361,647   ",62.0   ,"45,122   ",11.1   
12,Florida,2020,04,"17,607,252   ","9,765,316   ",55.5   ,"8,400,513   ",47.7   ,"1,364,803   ",14.0   
13,Georgia,2020,04,"8,281,411   ","4,985,895   ",60.2   ,"4,365,055   ",52.7   ,"620,840   ",12.5   
15,Hawaii,2020,04,"1,088,090   ","637,563   ",58.6   ,"497,928   ",45.8   ,"139,635   ",21.9   
16,Idaho,2020,04,"1,398,886   ","876,528   ",62.7   ,"775,219   ",55.4   ,"101,309   ",11.6   
17,Illinois,2020,04,"9,971,141   ","6,026,243   ",60.4   ,"5,029,765   ",50.4   ,"996,478   ",16.5   
18,Indiana,2020,04,"5,268,170   ","3,225,032   ",61.2   ,"2,680,097   ",50.9   ,"544,935   ",16.9   
19,Iowa,2020,04,"2,478,425   ","1,712,557   ",69.1   ,"1,522,362   ",61.4   ,"190,195   ",11.1   
20,Kansas,2020,04,"2,233,522   ","1,485,985   ",66.5   ,"1,298,910   ",58.2   ,"187,075   ",12.6   
21,Kentucky,2020,04,"3,505,783   ","2,087,483   ",59.5   ,"1,734,915   ",49.5   ,"352,568   ",16.9   
22,Louisiana,2020,04,"3,582,557   ","2,041,667   ",57.0   ,"1,773,471   ",49.5   ,"268,196   ",13.1   
23,Maine,2020,04,"1,116,663   ","654,335   ",58.6   ,"594,673   ",53.3   ,"59,662   ",9.1   
24,Maryland,2020,04,"4,774,055   ","3,131,058   ",65.6   ,"2,848,836   ",59.7   ,"282,222   ",9.0   
25,Massachusetts,2020,04,"5,648,468   ","3,409,863   ",60.4   ,"2,851,481   ",50.5   ,"558,382   ",16.4   
26,Michigan,2020,04,"7,996,378   ","4,586,421   ",57.4   ,"3,502,065   ",43.8   ,"1,084,356   ",23.6   
27,Minnesota,2020,04,"4,444,837   ","3,012,976   ",67.8   ,"2,740,570   ",61.7   ,"272,406   ",9.0   
28,Mississippi,2020,04,"2,287,269   ","1,218,052   ",53.3   ,"1,027,052   ",44.9   ,"191,000   ",15.7   
29,Missouri,2020,04,"4,831,693   ","2,980,434   ",61.7   ,"2,606,915   ",54.0   ,"373,519   ",12.5   
30,Montana,2020,04,"859,622   ","543,608   ",63.2   ,"479,153   ",55.7   ,"64,455   ",11.9   
31,Nebraska,2020,04,"1,485,441   ","1,051,562   ",70.8   ,"973,730   ",65.6   ,"77,832   ",7.4   
32,Nevada,2020,04,"2,471,833   ","1,497,652   ",60.6   ,"1,055,435   ",42.7   ,"442,217   ",29.5   
33,New Hampshire,2020,04,"1,128,732   ","735,030   ",65.1   ,"617,342   ",54.7   ,"117,688   ",16.0   
34,New Jersey,2020,04,"7,079,846   ","4,477,672   ",63.2   ,"3,735,350   ",52.8   ,"742,322   ",16.6   
35,New Mexico,2020,04,"1,651,363   ","908,572   ",55.0   ,"817,889   ",49.5   ,"90,683   ",10.0   
36,New York,2020,04,"15,605,175   ","8,870,365   ",56.8   ,"7,434,677   ",47.6   ,"1,435,688   ",16.2   
51000,New York city,2020,04,"6,689,372   ","3,706,625   ",55.4   ,"3,129,821   ",46.8   ,"576,804   ",15.6   
37,North Carolina,2020,04,"8,340,016   ","4,689,755   ",56.2   ,"4,054,932   ",48.6   ,"634,823   ",13.5   
38,North Dakota,2020,04,"585,064   ","410,490   ",70.2   ,"374,910   ",64.1   ,"35,580   ",8.7   
39,Ohio,2020,04,"9,256,776   ","5,539,776   ",59.8   ,"4,630,914   ",50.0   ,"908,862   ",16.4   
40,Oklahoma,2020,04,"3,048,864   ","1,821,680   ",59.7   ,"1,585,139   ",52.0   ,"236,541   ",13.0   
41,Oregon,2020,04,"3,434,992   ","2,049,533   ",59.7   ,"1,778,695   ",51.8   ,"270,838   ",13.2   
42,Pennsylvania,2020,04,"10,279,924   ","6,313,806   ",61.4   ,"5,290,771   ",51.5   ,"1,023,035   ",16.2   
44,Rhode Island,2020,04,"864,065   ","545,692   ",63.2   ,"450,988   ",52.2   ,"94,704   ",17.4   
45,South Carolina,2020,04,"4,118,644   ","2,357,025   ",57.2   ,"2,086,262   ",50.7   ,"270,763   ",11.5   
46,South Dakota,2020,04,"678,940   ","468,726   ",69.0   ,"425,502   ",62.7   ,"43,224   ",9.2   
47,Tennessee,2020,04,"5,426,617   ","3,183,054   ",58.7   ,"2,679,469   ",49.4   ,"503,585   ",15.8   
48,Texas,2020,04,"22,222,320   ","13,368,039   ",60.2   ,"11,640,170   ",52.4   ,"1,727,869   ",12.9   
49,Utah,2020,04,"2,389,585   ","1,624,093   ",68.0   ,"1,460,079   ",61.1   ,"164,014   ",10.1   
50,Vermont,2020,04,"518,778   ","353,857   ",68.2   ,"301,638   ",58.1   ,"52,219   ",14.8   
51,Virginia,2020,04,"6,718,918   ","4,391,242   ",65.4   ,"3,895,532   ",58.0   ,"495,710   ",11.3   
53,Washington,2020,04,"6,085,331   ","3,988,363   ",65.5   ,"3,336,286   ",54.8   ,"652,077   ",16.3   
54,West Virginia,2020,04,"1,444,969   ","768,185   ",53.2   ,"648,712   ",44.9   ,"119,473   ",15.6   
55,Wisconsin,2020,04,"4,651,479   ","3,061,130   ",65.8   ,"2,607,992   ",56.1   ,"453,138   ",14.8   
56,Wyoming,2020,04,"453,794   ","290,960   ",64.1   ,"274,922   ",60.6   ,"16,038   ",5.5   
01,Alabama,2020,05,"3,879,383   ","2,218,789   ",57.2   ,"2,044,109   ",52.7   ,"174,680   ",7.9   
02,Alaska,2020,05,"545,650   ","345,359   ",63.3   ,"305,247   ",55.9   ,"40,112   ",11.6   
04,Arizona,2020,05,"5,843,415   ","3,619,124   ",61.9   ,"3,236,482   ",55.4   ,"382,642   ",10.6   
05,Arkansas,2020,05,"2,356,584   ","1,352,008   ",57.4   ,"1,237,273   ",52.5   ,"114,735   ",8.5   
06,California,2020,05,"31,081,351   ","18,392,528   ",59.2   ,"15,529,319   ",50.0   ,"2,863,209   ",15.6   
037,Los Angeles County,2020,05,"8,020,113   ","4,674,063   ",58.3   ,"3,796,339   ",47.3   ,"877,724   ",18.8   
08,Colorado,2020,05,"4,602,402   ","3,105,848   ",67.5   ,"2,744,873   ",59.6   ,"360,975   ",11.6   
09,Connecticut,2020,05,"2,883,940   ","1,886,540   ",65.4   ,"1,671,130   ",57.9   ,"215,410   ",11.4   
10,Delaware,2020,05,"789,583   ","475,201   ",60.2   ,"412,227   ",52.2   ,"62,974   ",13.3   
11,District of Columbia,2020,05,"583,402   ","397,922   ",68.2   ,"362,414   ",62.1   ,"35,508   ",8.9   
12,Florida,2020,05,"17,620,672   ","9,949,585   ",56.5   ,"8,533,164   ",48.4   ,"1,416,421   ",14.2   
13,Georgia,2020,05,"8,286,668   ","5,030,665   ",60.7   ,"4,558,036   ",55.0   ,"472,629   ",9.4   
15,Hawaii,2020,05,"1,087,260   ","638,894   ",58.8   ,"498,685   ",45.9   ,"140,209   ",21.9   
16,Idaho,2020,05,"1,401,631   ","882,245   ",62.9   ,"808,995   ",57.7   ,"73,250   ",8.3   
17,Illinois,2020,05,"9,965,041   ","6,158,659   ",61.8   ,"5,211,779   ",52.3   ,"946,880   ",15.4   
18,Indiana,2020,05,"5,269,325   ","3,264,747   ",62.0   ,"2,874,299   ",54.5   ,"390,448   ",12.0   
19,Iowa,2020,05,"2,478,455   ","1,660,842   ",67.0   ,"1,523,062   ",61.5   ,"137,780   ",8.3   
20,Kansas,2020,05,"2,233,534   ","1,488,938   ",66.7   ,"1,354,666   ",60.7   ,"134,272   ",9.0   
21,Kentucky,2020,05,"3,505,869   ","2,073,314   ",59.1   ,"1,846,754   ",52.7   ,"226,560   ",10.9   
22,Louisiana,2020,05,"3,581,304   ","2,039,684   ",57.0   ,"1,771,746   ",49.5   ,"267,938   ",13.1   
23,Maine,2020,05,"1,116,950   ","681,019   ",61.0   ,"624,764   ",55.9   ,"56,255   ",8.3   
24,Maryland,2020,05,"4,773,107   ","3,135,302   ",65.7   ,"2,854,474   ",59.8   ,"280,828   ",9.0   
25,Massachusetts,2020,05,"5,647,805   ","3,609,060   ",63.9   ,"3,056,433   ",54.1   ,"552,627   ",15.3   
26,Michigan,2020,05,"7,994,582   ","4,695,183   ",58.7   ,"3,718,354   ",46.5   ,"976,829   ",20.8   
27,Minnesota,2020,05,"4,445,755   ","3,087,954   ",69.5   ,"2,739,692   ",61.6   ,"348,262   ",11.3   
28,Mississippi,2020,05,"2,286,517   ","1,227,107   ",53.7   ,"1,091,934   ",47.8   ,"135,173   ",11.0   
29,Missouri,2020,05,"4,832,218   ","2,891,970   ",59.8   ,"2,613,065   ",54.1   ,"278,905   ",9.6   
30,Montana,2020,05,"860,294   ","528,223   ",61.4   ,"480,130   ",55.8   ,"48,093   ",9.1   
31,Nebraska,2020,05,"1,485,719   ","1,031,661   ",69.4   ,"975,917   ",65.7   ,"55,744   ",5.4   
32,Nevada,2020,05,"2,474,993   ","1,435,029   ",58.0   ,"1,083,335   ",43.8   ,"351,694   ",24.5   
33,New Hampshire,2020,05,"1,129,138   ","766,838   ",67.9   ,"664,208   ",58.8   ,"102,630   ",13.4   
34,New Jersey,2020,05,"7,077,838   ","4,479,720   ",63.3   ,"3,741,555   ",52.9   ,"738,165   ",16.5   
35,New Mexico,2020,05,"1,651,832   ","909,383   ",55.1   ,"818,702   ",49.6   ,"90,681   ",10.0   
36,New York,2020,05,"15,593,074   ","8,950,469   ",57.4   ,"7,542,872   ",48.4   ,"1,407,597   ",15.7   
51000,New York city,2020,05,"6,683,972   ","3,657,013   ",54.7   ,"2,923,897   ",43.7   ,"733,116   ",20.0   
37,North Carolina,2020,05,"8,346,437   ","4,799,209   ",57.5   ,"4,151,695   ",49.7   ,"647,514   ",13.5   
38,North Dakota,2020,05,"585,062   ","412,262   ",70.5   ,"376,538   ",64.4   ,"35,724   ",8.7   
39,Ohio,2020,05,"9,255,576   ","5,831,829   ",63.0   ,"4,965,227   ",53.6   ,"866,602   ",14.9   
40,Oklahoma,2020,05,"3,049,957   ","1,831,486   ",60.0   ,"1,657,368   ",54.3   ,"174,118   ",9.5   
41,Oregon,2020,05,"3,436,725   ","2,121,025   ",61.7   ,"1,873,383   ",54.5   ,"247,642   ",11.7   
42,Pennsylvania,2020,05,"10,277,311   ","6,412,123   ",62.4   ,"5,549,484   ",54.0   ,"862,639   ",13.5   
44,Rhode Island,2020,05,"863,889   ","520,943   ",60.3   ,"453,692   ",52.5   ,"67,251   ",12.9   
45,South Carolina,2020,05,"4,122,608   ","2,365,735   ",57.4   ,"2,092,571   ",50.8   ,"273,164   ",11.5   
46,South Dakota,2020,05,"679,284   ","458,811   ",67.5   ,"426,579   ",62.8   ,"32,232   ",7.0   
47,Tennessee,2020,05,"5,430,156   ","3,150,509   ",58.0   ,"2,848,150   ",52.5   ,"302,359   ",9.6   
48,Texas,2020,05,"22,245,728   ","13,567,930   ",61.0   ,"11,992,731   ",53.9   ,"1,575,199   ",11.6   
49,Utah,2020,05,"2,393,257   ","1,583,682   ",66.2   ,"1,463,992   ",61.2   ,"119,690   ",7.6   
50,Vermont,2020,05,"518,699   ","332,962   ",64.2   ,"301,923   ",58.2   ,"31,039   ",9.3   
51,Virginia,2020,05,"6,720,219   ","4,274,171   ",63.6   ,"3,912,282   ",58.2   ,"361,889   ",8.5   
53,Washington,2020,05,"6,090,159   ","3,904,883   ",64.1   ,"3,417,587   ",56.1   ,"487,296   ",12.5   
54,West Virginia,2020,05,"1,444,132   ","780,907   ",54.1   ,"688,146   ",47.7   ,"92,761   ",11.9   
55,Wisconsin,2020,05,"4,652,037   ","3,052,908   ",65.6   ,"2,736,271   ",58.8   ,"316,637   ",10.4   
56,Wyoming,2020,05,"453,942   ","300,611   ",66.2   ,"275,096   ",60.6   ,"25,515   ",8.5   
01,Alabama,2020,06,"3,879,980   ","2,221,436   ",57.3   ,"2,049,715   ",52.8   ,"171,721   ",7.7   
02,Alaska,2020,06,"545,489   ","345,254   ",63.3   ,"306,122   ",56.1   ,"39,132   ",11.3   
04,Arizona,2020,06,"5,853,318   ","3,561,870   ",60.9   ,"3,180,733   ",54.3   ,"381,137   ",10.7   
05,Arkansas,2020,06,"2,357,230   ","1,347,387   ",57.2   ,"1,242,595   ",52.7   ,"104,792   ",7.8   
06,California,2020,06,"31,075,328   ","18,813,142   ",60.5   ,"16,161,036   ",52.0   ,"2,652,106   ",14.1   
037,Los Angeles County,2020,06,"8,017,191   ","4,882,242   ",60.9   ,"4,009,917   ",50.0   ,"872,325   ",17.9   
08,Colorado,2020,06,"4,606,805   ","3,154,711   ",68.5   ,"2,796,909   ",60.7   ,"357,802   ",11.3   
09,Connecticut,2020,06,"2,883,299   ","1,890,666   ",65.6   ,"1,675,483   ",58.1   ,"215,183   ",11.4   
10,Delaware,2020,06,"790,266   ","475,871   ",60.2   ,"414,294   ",52.4   ,"61,577   ",12.9   
11,District of Columbia,2020,06,"583,522   ","399,915   ",68.5   ,"364,192   ",62.4   ,"35,723   ",8.9   
12,Florida,2020,06,"17,635,636   ","9,898,486   ",56.1   ,"8,749,388   ",49.6   ,"1,149,098   ",11.6   
13,Georgia,2020,06,"8,292,650   ","4,990,499   ",60.2   ,"4,569,851   ",55.1   ,"420,648   ",8.4   
15,Hawaii,2020,06,"1,086,459   ","639,357   ",58.8   ,"549,249   ",50.6   ,"90,108   ",14.1   
16,Idaho,2020,06,"1,404,514   ","884,808   ",63.0   ,"822,839   ",58.6   ,"61,969   ",7.0   
17,Illinois,2020,06,"9,959,743   ","6,356,264   ",63.8   ,"5,452,932   ",54.7   ,"903,332   ",14.2   
18,Indiana,2020,06,"5,270,927   ","3,284,240   ",62.3   ,"2,950,944   ",56.0   ,"333,296   ",10.1   
19,Iowa,2020,06,"2,478,689   ","1,645,540   ",66.4   ,"1,528,543   ",61.7   ,"116,997   ",7.1   
20,Kansas,2020,06,"2,233,723   ","1,481,232   ",66.3   ,"1,377,977   ",61.7   ,"103,255   ",7.0   
21,Kentucky,2020,06,"3,506,224   ","1,962,690   ",56.0   ,"1,851,652   ",52.8   ,"111,038   ",5.7   
22,Louisiana,2020,06,"3,580,287   ","1,955,017   ",54.6   ,"1,772,157   ",49.5   ,"182,860   ",9.4   
23,Maine,2020,06,"1,117,286   ","661,977   ",59.2   ,"626,891   ",56.1   ,"35,086   ",5.3   
24,Maryland,2020,06,"4,772,600   ","3,235,141   ",67.8   ,"2,957,538   ",62.0   ,"277,603   ",8.6   
25,Massachusetts,2020,06,"5,647,618   ","3,683,679   ",65.2   ,"3,138,699   ",55.6   ,"544,980   ",14.8   
26,Michigan,2020,06,"7,993,462   ","4,917,012   ",61.5   ,"4,221,930   ",52.8   ,"695,082   ",14.1   
27,Minnesota,2020,06,"4,446,981   ","3,178,494   ",71.5   ,"2,894,566   ",65.1   ,"283,928   ",8.9   
28,Mississippi,2020,06,"2,285,922   ","1,235,797   ",54.1   ,"1,117,094   ",48.9   ,"118,703   ",9.6   
29,Missouri,2020,06,"4,833,125   ","2,994,804   ",62.0   ,"2,752,806   ",57.0   ,"241,998   ",8.1   
30,Montana,2020,06,"861,056   ","549,295   ",63.8   ,"507,756   ",59.0   ,"41,539   ",7.6   
31,Nebraska,2020,06,"1,486,137   ","1,048,401   ",70.5   ,"979,531   ",65.9   ,"68,870   ",6.6   
32,Nevada,2020,06,"2,478,346   ","1,504,348   ",60.7   ,"1,272,287   ",51.3   ,"232,061   ",15.4   
33,New Hampshire,2020,06,"1,129,644   ","760,961   ",67.4   ,"682,282   ",60.4   ,"78,679   ",10.3   
34,New Jersey,2020,06,"7,076,430   ","4,484,485   ",63.4   ,"3,754,733   ",53.1   ,"729,752   ",16.3   
35,New Mexico,2020,06,"1,652,391   ","910,846   ",55.1   ,"821,293   ",49.7   ,"89,553   ",9.8   
36,New York,2020,06,"15,582,329   ","9,279,154   ",59.5   ,"7,883,108   ",50.6   ,"1,396,046   ",15.0   
51000,New York city,2020,06,"6,678,534   ","3,876,271   ",58.0   ,"3,148,827   ",47.1   ,"727,444   ",18.8   
37,North Carolina,2020,06,"8,353,573   ","4,828,748   ",57.8   ,"4,404,783   ",52.7   ,"423,965   ",8.8   
38,North Dakota,2020,06,"585,102   ","404,206   ",69.1   ,"379,031   ",64.8   ,"25,175   ",6.2   
39,Ohio,2020,06,"9,255,121   ","5,680,927   ",61.4   ,"5,093,233   ",55.0   ,"587,694   ",10.3   
40,Oklahoma,2020,06,"3,051,282   ","1,838,543   ",60.3   ,"1,687,262   ",55.3   ,"151,281   ",8.2   
41,Oregon,2020,06,"3,438,732   ","2,133,140   ",62.0   ,"1,913,733   ",55.7   ,"219,407   ",10.3   
42,Pennsylvania,2020,06,"10,275,510   ","6,421,698   ",62.5   ,"5,567,918   ",54.2   ,"853,780   ",13.3   
44,Rhode Island,2020,06,"863,821   ","512,993   ",59.4   ,"457,239   ",52.9   ,"55,754   ",10.9   
45,South Carolina,2020,06,"4,126,972   ","2,392,922   ",58.0   ,"2,209,060   ",53.5   ,"183,862   ",7.7   
46,South Dakota,2020,06,"679,670   ","456,309   ",67.1   ,"428,351   ",63.0   ,"27,958   ",6.1   
47,Tennessee,2020,06,"5,434,065   ","3,156,214   ",58.1   ,"2,862,152   ",52.7   ,"294,062   ",9.3   
48,Texas,2020,06,"22,271,053   ","14,068,625   ",63.2   ,"12,638,796   ",56.7   ,"1,429,829   ",10.2   
49,Utah,2020,06,"2,397,123   ","1,650,824   ",68.9   ,"1,547,616   ",64.6   ,"103,208   ",6.3   
50,Vermont,2020,06,"518,679   ","327,912   ",63.2   ,"302,806   ",58.4   ,"25,106   ",7.7   
51,Virginia,2020,06,"6,722,117   ","4,320,856   ",64.3   ,"3,939,193   ",58.6   ,"381,663   ",8.8   
53,Washington,2020,06,"6,095,478   ","3,877,618   ",63.6   ,"3,457,295   ",56.7   ,"420,323   ",10.8   
54,West Virginia,2020,06,"1,443,440   ","784,625   ",54.4   ,"701,850   ",48.6   ,"82,775   ",10.5   
55,Wisconsin,2020,06,"4,653,004   ","3,049,234   ",65.5   ,"2,786,485   ",59.9   ,"262,749   ",8.6   
56,Wyoming,2020,06,"454,118   ","297,883   ",65.6   ,"275,846   ",60.7   ,"22,037   ",7.4   
01,Alabama,2020,07,"3,880,648   ","2,221,858   ",57.3   ,"2,056,348   ",53.0   ,"165,510   ",7.4   
02,Alaska,2020,07,"545,364   ","345,354   ",63.3   ,"307,513   ",56.4   ,"37,841   ",11.0   
04,Arizona,2020,07,"5,863,335   ","3,610,878   ",61.6   ,"3,233,654   ",55.2   ,"377,224   ",10.4   
05,Arkansas,2020,07,"2,357,952   ","1,344,406   ",57.0   ,"1,249,195   ",53.0   ,"95,211   ",7.1   
06,California,2020,07,"31,069,557   ","18,731,539   ",60.3   ,"16,268,045   ",52.4   ,"2,463,494   ",13.2   
037,Los Angeles County,2020,07,"8,014,289   ","4,923,510   ",61.4   ,"4,061,505   ",50.7   ,"862,005   ",17.5   
08,Colorado,2020,07,"4,611,317   ","3,070,601   ",66.6   ,"2,844,310   ",61.7   ,"226,291   ",7.4   
09,Connecticut,2020,07,"2,882,679   ","1,895,751   ",65.8   ,"1,681,865   ",58.3   ,"213,886   ",11.3   
10,Delaware,2020,07,"790,928   ","489,517   ",61.9   ,"449,079   ",56.8   ,"40,438   ",8.3   
11,District of Columbia,2020,07,"583,656   ","402,618   ",69.0   ,"366,931   ",62.9   ,"35,687   ",8.9   
12,Florida,2020,07,"17,650,810   ","10,108,143   ",57.3   ,"8,940,935   ",50.7   ,"1,167,208   ",11.5   
13,Georgia,2020,07,"8,298,770   ","4,966,280   ",59.8   ,"4,587,883   ",55.3   ,"378,397   ",7.6   
15,Hawaii,2020,07,"1,085,710   ","641,845   ",59.1   ,"551,240   ",50.8   ,"90,605   ",14.1   
16,Idaho,2020,07,"1,407,405   ","887,190   ",63.0   ,"835,264   ",59.3   ,"51,926   ",5.9   
17,Illinois,2020,07,"9,954,618   ","6,146,834   ",61.7   ,"5,409,563   ",54.3   ,"737,271   ",12.0   
18,Indiana,2020,07,"5,272,639   ","3,304,366   ",62.7   ,"3,019,818   ",57.3   ,"284,548   ",8.6   
19,Iowa,2020,07,"2,478,961   ","1,637,807   ",66.1   ,"1,538,161   ",62.0   ,"99,646   ",6.1   
20,Kansas,2020,07,"2,233,951   ","1,497,429   ",67.0   ,"1,398,770   ",62.6   ,"98,659   ",6.6   
21,Kentucky,2020,07,"3,506,659   ","1,968,434   ",56.1   ,"1,858,922   ",53.0   ,"109,512   ",5.6   
22,Louisiana,2020,07,"3,579,383   ","1,952,856   ",54.6   ,"1,775,157   ",49.6   ,"177,699   ",9.1   
23,Maine,2020,07,"1,117,659   ","690,375   ",61.8   ,"629,790   ",56.3   ,"60,585   ",8.8   
24,Maryland,2020,07,"4,772,159   ","3,151,830   ",66.0   ,"2,877,939   ",60.3   ,"273,891   ",8.7   
25,Massachusetts,2020,07,"5,647,519   ","3,563,106   ",63.1   ,"3,213,230   ",56.9   ,"349,876   ",9.8   
26,Michigan,2020,07,"7,992,512   ","4,835,421   ",60.5   ,"4,399,525   ",55.0   ,"435,896   ",9.0   
27,Minnesota,2020,07,"4,448,291   ","3,136,773   ",70.5   ,"2,898,989   ",65.2   ,"237,784   ",7.6   
28,Mississippi,2020,07,"2,285,425   ","1,245,129   ",54.5   ,"1,138,838   ",49.8   ,"106,291   ",8.5   
29,Missouri,2020,07,"4,834,175   ","3,101,654   ",64.2   ,"2,891,126   ",59.8   ,"210,528   ",6.8   
30,Montana,2020,07,"861,803   ","545,747   ",63.3   ,"509,831   ",59.2   ,"35,916   ",6.6   
31,Nebraska,2020,07,"1,486,531   ","1,028,806   ",69.2   ,"983,881   ",66.2   ,"44,925   ",4.4   
32,Nevada,2020,07,"2,481,749   ","1,512,588   ",60.9   ,"1,261,549   ",50.8   ,"251,039   ",16.6   
33,New Hampshire,2020,07,"1,130,182   ","759,493   ",67.2   ,"697,617   ",61.7   ,"61,876   ",8.1   
34,New Jersey,2020,07,"7,075,110   ","4,604,631   ",65.1   ,"4,001,090   ",56.6   ,"603,541   ",13.1   
35,New Mexico,2020,07,"1,653,018   ","943,199   ",57.1   ,"825,171   ",49.9   ,"118,028   ",12.5   
36,New York,2020,07,"15,571,877   ","9,377,175   ",60.2   ,"7,998,562   ",51.4   ,"1,378,613   ",14.7   
51000,New York city,2020,07,"6,673,125   ","3,885,735   ",58.2   ,"3,166,591   ",47.5   ,"719,144   ",18.5   
37,North Carolina,2020,07,"8,360,872   ","4,932,568   ",59.0   ,"4,499,275   ",53.8   ,"433,293   ",8.8   
38,North Dakota,2020,07,"585,132   ","406,941   ",69.5   ,"381,887   ",65.3   ,"25,054   ",6.2   
39,Ohio,2020,07,"9,254,910   ","5,735,320   ",62.0   ,"5,199,086   ",56.2   ,"536,234   ",9.3   
40,Oklahoma,2020,07,"3,052,681   ","1,846,738   ",60.5   ,"1,714,448   ",56.2   ,"132,290   ",7.2   
41,Oregon,2020,07,"3,440,819   ","2,037,847   ",59.2   ,"1,842,992   ",53.6   ,"194,855   ",9.6   
42,Pennsylvania,2020,07,"10,273,917   ","6,431,720   ",62.6   ,"5,592,719   ",54.4   ,"839,001   ",13.0   
44,Rhode Island,2020,07,"863,742   ","535,674   ",62.0   ,"460,794   ",53.3   ,"74,880   ",14.0   
45,South Carolina,2020,07,"4,131,387   ","2,427,275   ",58.8   ,"2,243,805   ",54.3   ,"183,470   ",7.6   
46,South Dakota,2020,07,"680,076   ","454,790   ",66.9   ,"430,451   ",63.3   ,"24,339   ",5.4   
47,Tennessee,2020,07,"5,438,126   ","3,167,388   ",58.2   ,"2,884,231   ",53.0   ,"283,157   ",8.9   
48,Texas,2020,07,"22,296,608   ","14,005,509   ",62.8   ,"12,704,427   ",57.0   ,"1,301,082   ",9.3   
49,Utah,2020,07,"2,401,050   ","1,645,536   ",68.5   ,"1,556,112   ",64.8   ,"89,424   ",5.4   
50,Vermont,2020,07,"518,664   ","324,705   ",62.6   ,"304,020   ",58.6   ,"20,685   ",6.4   
51,Virginia,2020,07,"6,724,104   ","4,313,312   ",64.1   ,"3,972,148   ",59.1   ,"341,164   ",7.9   
53,Washington,2020,07,"6,100,875   ","3,920,431   ",64.3   ,"3,497,219   ",57.3   ,"423,212   ",10.8   
54,West Virginia,2020,07,"1,442,743   ","787,392   ",54.6   ,"713,138   ",49.4   ,"74,254   ",9.4   
55,Wisconsin,2020,07,"4,654,069   ","3,049,237   ",65.5   ,"2,829,923   ",60.8   ,"219,314   ",7.2   
56,Wyoming,2020,07,"454,334   ","297,259   ",65.4   ,"277,055   ",61.0   ,"20,204   ",6.8   
01,Alabama,2020,08,"3,882,472   ","2,218,586   ",57.1   ,"2,061,877   ",53.1   ,"156,709   ",7.1   
02,Alaska,2020,08,"545,315   ","332,996   ",61.1   ,"308,923   ",56.7   ,"24,073   ",7.2   
04,Arizona,2020,08,"5,875,190   ","3,518,731   ",59.9   ,"3,272,951   ",55.7   ,"245,780   ",7.0   
05,Arkansas,2020,08,"2,359,375   ","1,341,356   ",56.9   ,"1,254,825   ",53.2   ,"86,531   ",6.5   
06,California,2020,08,"31,074,765   ","18,666,663   ",60.1   ,"16,365,343   ",52.7   ,"2,301,320   ",12.3   
037,Los Angeles County,2020,08,"8,011,114   ","4,956,547   ",61.9   ,"4,106,288   ",51.3   ,"850,259   ",17.2   
08,Colorado,2020,08,"4,616,798   ","3,105,843   ",67.3   ,"2,884,052   ",62.5   ,"221,791   ",7.1   
09,Connecticut,2020,08,"2,882,475   ","1,841,890   ",63.9   ,"1,687,722   ",58.6   ,"154,168   ",8.4   
10,Delaware,2020,08,"791,842   ","490,233   ",61.9   ,"451,598   ",57.0   ,"38,635   ",7.9   
11,District of Columbia,2020,08,"583,802   ","405,503   ",69.5   ,"369,909   ",63.4   ,"35,594   ",8.8   
12,Florida,2020,08,"17,669,527   ","9,991,016   ",56.5   ,"9,206,578   ",52.1   ,"784,438   ",7.9   
13,Georgia,2020,08,"8,306,713   ","4,951,494   ",59.6   ,"4,606,347   ",55.5   ,"345,147   ",7.0   
15,Hawaii,2020,08,"1,085,305   ","643,435   ",59.3   ,"552,752   ",50.9   ,"90,683   ",14.1   
16,Idaho,2020,08,"1,410,666   ","889,123   ",63.0   ,"845,684   ",59.9   ,"43,439   ",4.9   
17,Illinois,2020,08,"9,951,889   ","6,251,739   ",62.8   ,"5,556,088   ",55.8   ,"695,651   ",11.1   
18,Indiana,2020,08,"5,275,194   ","3,320,857   ",63.0   ,"3,077,335   ",58.3   ,"243,522   ",7.3   
19,Iowa,2020,08,"2,479,628   ","1,634,482   ",65.9   ,"1,548,511   ",62.4   ,"85,971   ",5.3   
20,Kansas,2020,08,"2,234,666   ","1,509,706   ",67.6   ,"1,415,790   ",63.4   ,"93,916   ",6.2   
21,Kentucky,2020,08,"3,507,887   ","1,974,553   ",56.3   ,"1,865,892   ",53.2   ,"108,661   ",5.5   
22,Louisiana,2020,08,"3,579,331   ","2,096,160   ",58.6   ,"1,924,464   ",53.8   ,"171,696   ",8.2   
23,Maine,2020,08,"1,118,255   ","666,897   ",59.6   ,"632,379   ",56.6   ,"34,518   ",5.2   
24,Maryland,2020,08,"4,772,659   ","3,161,767   ",66.2   ,"2,890,448   ",60.6   ,"271,319   ",8.6   
25,Massachusetts,2020,08,"5,647,588   ","3,614,444   ",64.0   ,"3,277,606   ",58.0   ,"336,838   ",9.3   
26,Michigan,2020,08,"7,993,400   ","4,841,531   ",60.6   ,"4,428,898   ",55.4   ,"412,633   ",8.5   
27,Minnesota,2020,08,"4,450,313   ","3,107,608   ",69.8   ,"2,903,291   ",65.2   ,"204,317   ",6.6   
28,Mississippi,2020,08,"2,285,698   ","1,253,922   ",54.9   ,"1,156,630   ",50.6   ,"97,292   ",7.8   
29,Missouri,2020,08,"4,836,296   ","3,089,395   ",63.9   ,"2,904,372   ",60.1   ,"185,023   ",6.0   
30,Montana,2020,08,"862,714   ","542,642   ",62.9   ,"511,307   ",59.3   ,"31,335   ",5.8   
31,Nebraska,2020,08,"1,487,267   ","1,028,809   ",69.2   ,"987,515   ",66.4   ,"41,294   ",4.0   
32,Nevada,2020,08,"2,485,827   ","1,523,576   ",61.3   ,"1,302,740   ",52.4   ,"220,836   ",14.5   
33,New Hampshire,2020,08,"1,130,846   ","759,862   ",67.2   ,"709,788   ",62.8   ,"50,074   ",6.6   
34,New Jersey,2020,08,"7,075,217   ","4,519,468   ",63.9   ,"4,020,511   ",56.8   ,"498,957   ",11.0   
35,New Mexico,2020,08,"1,654,130   ","913,887   ",55.2   ,"828,885   ",50.1   ,"85,002   ",9.3   
36,New York,2020,08,"15,564,895   ","9,399,119   ",60.4   ,"8,300,511   ",53.3   ,"1,098,608   ",11.7   
51000,New York city,2020,08,"6,666,477   ","3,978,475   ",59.7   ,"3,389,248   ",50.8   ,"589,227   ",14.8   
37,North Carolina,2020,08,"8,370,202   ","4,911,301   ",58.7   ,"4,579,743   ",54.7   ,"331,558   ",6.8   
38,North Dakota,2020,08,"585,299   ","409,122   ",69.9   ,"384,233   ",65.6   ,"24,889   ",6.1   
39,Ohio,2020,08,"9,256,696   ","5,803,203   ",62.7   ,"5,280,326   ",57.0   ,"522,877   ",9.0   
40,Oklahoma,2020,08,"3,054,823   ","1,853,864   ",60.7   ,"1,736,890   ",56.9   ,"116,974   ",6.3   
41,Oregon,2020,08,"3,443,733   ","2,086,120   ",60.6   ,"1,911,571   ",55.5   ,"174,549   ",8.4   
42,Pennsylvania,2020,08,"10,274,843   ","6,252,470   ",60.9   ,"5,614,075   ",54.6   ,"638,395   ",10.2   
44,Rhode Island,2020,08,"863,864   ","529,982   ",61.4   ,"463,277   ",53.6   ,"66,705   ",12.6   
45,South Carolina,2020,08,"4,136,994   ","2,402,563   ",58.1   ,"2,272,014   ",54.9   ,"130,549   ",5.4   
46,South Dakota,2020,08,"680,545   ","453,588   ",66.7   ,"432,183   ",63.5   ,"21,405   ",4.7   
47,Tennessee,2020,08,"5,443,591   ","3,377,475   ",62.0   ,"3,104,367   ",57.0   ,"273,108   ",8.1   
48,Texas,2020,08,"22,327,142   ","14,095,792   ",63.1   ,"13,118,386   ",58.8   ,"977,406   ",6.9   
49,Utah,2020,08,"2,405,329   ","1,642,626   ",68.3   ,"1,564,538   ",65.0   ,"78,088   ",4.8   
50,Vermont,2020,08,"518,754   ","322,293   ",62.1   ,"305,041   ",58.8   ,"17,252   ",5.4   
51,Virginia,2020,08,"6,727,072   ","4,376,496   ",65.1   ,"4,068,442   ",60.5   ,"308,054   ",7.0   
53,Washington,2020,08,"6,107,080   ","3,886,077   ",63.6   ,"3,532,848   ",57.8   ,"353,229   ",9.1   
54,West Virginia,2020,08,"1,442,376   ","789,505   ",54.7   ,"722,126   ",50.1   ,"67,379   ",8.5   
55,Wisconsin,2020,08,"4,656,094   ","3,050,916   ",65.5   ,"2,864,676   ",61.5   ,"186,240   ",6.1   
56,Wyoming,2020,08,"454,672   ","296,712   ",65.3   ,"278,278   ",61.2   ,"18,434   ",6.2   
01,Alabama,2020,09,"3,884,533   ","2,212,712   ",57.0   ,"2,065,378   ",53.2   ,"147,334   ",6.7   
02,Alaska,2020,09,"545,254   ","333,247   ",61.1   ,"309,975   ",56.8   ,"23,272   ",7.0   
04,Arizona,2020,09,"5,887,367   ","3,541,969   ",60.2   ,"3,299,327   ",56.0   ,"242,642   ",6.9   
05,Arkansas,2020,09,"2,360,906   ","1,337,649   ",56.7   ,"1,258,219   ",53.3   ,"79,430   ",5.9   
06,California,2020,09,"31,081,669   ","18,385,558   ",59.2   ,"16,435,503   ",52.9   ,"1,950,055   ",10.6   
037,Los Angeles County,2020,09,"8,007,936   ","4,757,442   ",59.4   ,"4,139,017   ",51.7   ,"618,425   ",13.0   
08,Colorado,2020,09,"4,622,504   ","3,133,342   ",67.8   ,"2,914,426   ",63.0   ,"218,916   ",7.0   
09,Connecticut,2020,09,"2,882,419   ","1,844,073   ",64.0   ,"1,691,446   ",58.7   ,"152,627   ",8.3   
10,Delaware,2020,09,"792,821   ","490,907   ",61.9   ,"453,405   ",57.2   ,"37,502   ",7.6   
11,District of Columbia,2020,09,"584,005   ","407,913   ",69.8   ,"372,267   ",63.7   ,"35,646   ",8.7   
12,Florida,2020,09,"17,689,159   ","10,052,895   ",56.8   ,"9,333,690   ",52.8   ,"719,205   ",7.2   
13,Georgia,2020,09,"8,315,078   ","4,940,860   ",59.4   ,"4,620,784   ",55.6   ,"320,076   ",6.5   
15,Hawaii,2020,09,"1,084,946   ","610,118   ",56.2   ,"519,692   ",47.9   ,"90,426   ",14.8   
16,Idaho,2020,09,"1,414,009   ","908,599   ",64.3   ,"853,750   ",60.4   ,"54,849   ",6.0   
17,Illinois,2020,09,"9,949,614   ","6,363,924   ",64.0   ,"5,703,261   ",57.3   ,"660,663   ",10.4   
18,Indiana,2020,09,"5,277,977   ","3,331,816   ",63.1   ,"3,121,310   ",59.1   ,"210,506   ",6.3   
19,Iowa,2020,09,"2,480,410   ","1,632,810   ",65.8   ,"1,556,751   ",62.8   ,"76,059   ",4.7   
20,Kansas,2020,09,"2,235,531   ","1,472,356   ",65.9   ,"1,382,202   ",61.8   ,"90,154   ",6.1   
21,Kentucky,2020,09,"3,509,267   ","1,979,845   ",56.4   ,"1,870,874   ",53.3   ,"108,971   ",5.5   
22,Louisiana,2020,09,"3,579,467   ","2,095,001   ",58.5   ,"1,927,988   ",53.9   ,"167,013   ",8.0   
23,Maine,2020,09,"1,118,905   ","666,384   ",59.6   ,"634,000   ",56.7   ,"32,384   ",4.9   
24,Maryland,2020,09,"4,773,360   ","3,009,144   ",63.0   ,"2,800,001   ",58.7   ,"209,143   ",7.0   
25,Massachusetts,2020,09,"5,647,956   ","3,655,222   ",64.7   ,"3,330,763   ",59.0   ,"324,459   ",8.9   
26,Michigan,2020,09,"7,994,613   ","4,848,757   ",60.7   ,"4,450,747   ",55.7   ,"398,010   ",8.2   
27,Minnesota,2020,09,"4,452,562   ","3,086,445   ",69.3   ,"2,905,954   ",65.3   ,"180,491   ",5.8   
28,Mississippi,2020,09,"2,286,039   ","1,261,776   ",55.2   ,"1,170,336   ",51.2   ,"91,440   ",7.2   
29,Missouri,2020,09,"4,838,656   ","3,079,960   ",63.7   ,"2,914,028   ",60.2   ,"165,932   ",5.4   
30,Montana,2020,09,"863,704   ","539,685   ",62.5   ,"511,783   ",59.3   ,"27,902   ",5.2   
31,Nebraska,2020,09,"1,488,070   ","1,028,194   ",69.1   ,"989,626   ",66.5   ,"38,568   ",3.8   
32,Nevada,2020,09,"2,489,990   ","1,535,174   ",61.7   ,"1,335,440   ",53.6   ,"199,734   ",13.0   
33,New Hampshire,2020,09,"1,131,541   ","760,650   ",67.2   ,"718,808   ",63.5   ,"41,842   ",5.5   
34,New Jersey,2020,09,"7,075,632   ","4,376,641   ",61.9   ,"4,035,352   ",57.0   ,"341,289   ",7.8   
35,New Mexico,2020,09,"1,655,347   ","960,687   ",58.0   ,"877,596   ",53.0   ,"83,091   ",8.6   
36,New York,2020,09,"15,558,652   ","9,300,792   ",59.8   ,"8,372,958   ",53.8   ,"927,834   ",10.0   
51000,New York city,2020,09,"6,659,813   ","3,984,874   ",59.8   ,"3,400,876   ",51.1   ,"583,998   ",14.7   
37,North Carolina,2020,09,"8,379,941   ","5,006,976   ",59.7   ,"4,642,694   ",55.4   ,"364,282   ",7.3   
38,North Dakota,2020,09,"585,505   ","404,556   ",69.1   ,"385,591   ",65.9   ,"18,965   ",4.7   
39,Ohio,2020,09,"9,258,910   ","5,668,842   ",61.2   ,"5,250,401   ",56.7   ,"418,441   ",7.4   
40,Oklahoma,2020,09,"3,057,131   ","1,858,861   ",60.8   ,"1,753,633   ",57.4   ,"105,228   ",5.7   
41,Oregon,2020,09,"3,446,867   ","2,107,097   ",61.1   ,"1,948,079   ",56.5   ,"159,018   ",7.5   
42,Pennsylvania,2020,09,"10,276,251   ","6,317,241   ",61.5   ,"5,867,228   ",57.1   ,"450,013   ",7.1   
44,Rhode Island,2020,09,"864,018   ","557,723   ",64.5   ,"497,029   ",57.5   ,"60,694   ",10.9   
45,South Carolina,2020,09,"4,142,816   ","2,422,918   ",58.5   ,"2,292,518   ",55.3   ,"130,400   ",5.4   
46,South Dakota,2020,09,"681,058   ","475,666   ",69.8   ,"456,477   ",67.0   ,"19,189   ",4.0   
47,Tennessee,2020,09,"5,449,301   ","3,388,990   ",62.2   ,"3,122,079   ",57.3   ,"266,911   ",7.9   
48,Texas,2020,09,"22,358,893   ","13,978,180   ",62.5   ,"12,872,257   ",57.6   ,"1,105,923   ",7.9   
49,Utah,2020,09,"2,409,740   ","1,640,259   ",68.1   ,"1,571,099   ",65.2   ,"69,160   ",4.2   
50,Vermont,2020,09,"518,848   ","320,189   ",61.7   ,"305,589   ",58.9   ,"14,600   ",4.6   
51,Virginia,2020,09,"6,730,369   ","4,302,424   ",63.9   ,"4,020,210   ",59.7   ,"282,214   ",6.6   
53,Washington,2020,09,"6,113,541   ","3,870,014   ",63.3   ,"3,560,713   ",58.2   ,"309,301   ",8.0   
54,West Virginia,2020,09,"1,442,106   ","791,421   ",54.9   ,"729,098   ",50.6   ,"62,323   ",7.9   
55,Wisconsin,2020,09,"4,658,297   ","3,128,082   ",67.2   ,"2,965,386   ",63.7   ,"162,696   ",5.2   
56,Wyoming,2020,09,"454,998   ","296,176   ",65.1   ,"279,179   ",61.4   ,"16,997   ",5.7   
01,Alabama,2020,10,"3,886,383   ","2,266,300   ",58.3   ,"2,158,999   ",55.6   ,"107,301   ",4.7   
02,Alaska,2020,10,"545,223   ","354,075   ",64.9   ,"331,171   ",60.7   ,"22,904   ",6.5   
04,Arizona,2020,10,"5,899,190   ","3,556,433   ",60.3   ,"3,315,121   ",56.2   ,"241,312   ",6.8   
05,Arkansas,2020,10,"2,362,323   ","1,333,366   ",56.4   ,"1,259,359   ",53.3   ,"74,007   ",5.6   
06,California,2020,10,"31,086,721   ","18,904,638   ",60.8   ,"17,050,260   ",54.8   ,"1,854,378   ",9.8   
037,Los Angeles County,2020,10,"8,004,745   ","4,959,176   ",62.0   ,"4,346,083   ",54.3   ,"613,093   ",12.4   
08,Colorado,2020,10,"4,627,942   ","3,153,491   ",68.1   ,"2,935,611   ",63.4   ,"217,880   ",6.9   
09,Connecticut,2020,10,"2,882,202   ","1,844,473   ",64.0   ,"1,692,736   ",58.7   ,"151,737   ",8.2   
10,Delaware,2020,10,"793,770   ","481,815   ",60.7   ,"454,271   ",57.2   ,"27,544   ",5.7   
11,District of Columbia,2020,10,"584,150   ","409,507   ",70.1   ,"373,663   ",64.0   ,"35,844   ",8.8   
12,Florida,2020,10,"17,707,888   ","10,010,524   ",56.5   ,"9,427,112   ",53.2   ,"583,412   ",5.8   
13,Georgia,2020,10,"8,323,051   ","5,133,190   ",61.7   ,"4,831,831   ",58.1   ,"301,359   ",5.9   
15,Hawaii,2020,10,"1,084,522   ","643,115   ",59.3   ,"553,195   ",51.0   ,"89,920   ",14.0   
16,Idaho,2020,10,"1,417,281   ","903,294   ",63.7   ,"859,499   ",60.6   ,"43,795   ",4.8   
17,Illinois,2020,10,"9,946,882   ","6,326,464   ",63.6   ,"5,813,987   ",58.5   ,"512,477   ",8.1   
18,Indiana,2020,10,"5,280,606   ","3,338,006   ",63.2   ,"3,152,745   ",59.7   ,"185,261   ",5.6   
19,Iowa,2020,10,"2,481,099   ","1,630,576   ",65.7   ,"1,561,396   ",62.9   ,"69,180   ",4.2   
20,Kansas,2020,10,"2,236,251   ","1,508,097   ",67.4   ,"1,437,158   ",64.3   ,"70,939   ",4.7   
21,Kentucky,2020,10,"3,510,534   ","1,983,293   ",56.5   ,"1,873,315   ",53.4   ,"109,978   ",5.5   
22,Louisiana,2020,10,"3,579,445   ","2,094,453   ",58.5   ,"1,929,972   ",53.9   ,"164,481   ",7.9   
23,Maine,2020,10,"1,119,531   ","666,379   ",59.5   ,"634,487   ",56.7   ,"31,892   ",4.8   
24,Maryland,2020,10,"4,773,863   ","3,113,628   ",65.2   ,"2,903,239   ",60.8   ,"210,389   ",6.8   
25,Massachusetts,2020,10,"5,648,070   ","3,688,327   ",65.3   ,"3,373,320   ",59.7   ,"315,007   ",8.5   
26,Michigan,2020,10,"7,995,545   ","4,854,613   ",60.7   ,"4,461,770   ",55.8   ,"392,843   ",8.1   
27,Minnesota,2020,10,"4,454,624   ","3,070,211   ",68.9   ,"2,906,452   ",65.2   ,"163,759   ",5.3   
28,Mississippi,2020,10,"2,286,309   ","1,268,234   ",55.5   ,"1,180,316   ",51.6   ,"87,918   ",6.9   
29,Missouri,2020,10,"4,840,816   ","3,071,517   ",63.5   ,"2,919,089   ",60.3   ,"152,428   ",5.0   
30,Montana,2020,10,"864,626   ","536,872   ",62.1   ,"511,419   ",59.1   ,"25,453   ",4.7   
31,Nebraska,2020,10,"1,488,824   ","1,026,818   ",69.0   ,"990,239   ",66.5   ,"36,579   ",3.6   
32,Nevada,2020,10,"2,494,084   ","1,545,744   ",62.0   ,"1,360,394   ",54.5   ,"185,350   ",12.0   
33,New Hampshire,2020,10,"1,132,223   ","761,379   ",67.2   ,"725,252   ",64.1   ,"36,127   ",4.7   
34,New Jersey,2020,10,"7,075,699   ","4,378,750   ",61.9   ,"4,043,309   ",57.1   ,"335,441   ",7.7   
35,New Mexico,2020,10,"1,656,467   ","960,709   ",58.0   ,"878,694   ",53.0   ,"82,015   ",8.5   
36,New York,2020,10,"15,551,640   ","9,226,555   ",59.3   ,"8,424,046   ",54.2   ,"802,509   ",8.7   
51000,New York city,2020,10,"6,653,181   ","3,869,498   ",58.2   ,"3,406,685   ",51.2   ,"462,813   ",12.0   
37,North Carolina,2020,10,"8,389,288   ","5,028,348   ",59.9   ,"4,687,352   ",55.9   ,"340,996   ",6.8   
38,North Dakota,2020,10,"585,654   ","404,945   ",69.1   ,"386,012   ",65.9   ,"18,933   ",4.7   
39,Ohio,2020,10,"9,260,740   ","5,698,877   ",61.5   ,"5,380,157   ",58.1   ,"318,720   ",5.6   
40,Oklahoma,2020,10,"3,059,281   ","1,861,590   ",60.9   ,"1,765,143   ",57.7   ,"96,447   ",5.2   
41,Oregon,2020,10,"3,449,790   ","2,122,565   ",61.5   ,"1,974,681   ",57.2   ,"147,884   ",7.0   
42,Pennsylvania,2020,10,"10,277,210   ","6,314,482   ",61.4   ,"5,870,140   ",57.1   ,"444,342   ",7.0   
44,Rhode Island,2020,10,"864,169   ","535,860   ",62.0   ,"496,914   ",57.5   ,"38,946   ",7.3   
45,South Carolina,2020,10,"4,148,416   ","2,437,115   ",58.7   ,"2,306,258   ",55.6   ,"130,857   ",5.4   
46,South Dakota,2020,10,"681,531   ","474,305   ",69.6   ,"456,730   ",67.0   ,"17,575   ",3.7   
47,Tennessee,2020,10,"5,454,779   ","3,396,932   ",62.3   ,"3,131,888   ",57.4   ,"265,044   ",7.8   
48,Texas,2020,10,"22,389,388   ","14,220,838   ",63.5   ,"13,177,348   ",58.9   ,"1,043,490   ",7.3   
49,Utah,2020,10,"2,414,062   ","1,637,215   ",67.8   ,"1,574,896   ",65.2   ,"62,319   ",3.8   
50,Vermont,2020,10,"518,954   ","318,369   ",61.3   ,"305,655   ",58.9   ,"12,714   ",4.0   
51,Virginia,2020,10,"6,733,361   ","4,290,462   ",63.7   ,"4,027,562   ",59.8   ,"262,900   ",6.1   
53,Washington,2020,10,"6,119,759   ","3,981,810   ",65.1   ,"3,704,008   ",60.5   ,"277,802   ",7.0   
54,West Virginia,2020,10,"1,441,770   ","793,305   ",55.0   ,"734,518   ",50.9   ,"58,787   ",7.4   
55,Wisconsin,2020,10,"4,660,353   ","3,054,307   ",65.5   ,"2,908,317   ",62.4   ,"145,990   ",4.8   
56,Wyoming,2020,10,"455,331   ","295,623   ",64.9   ,"279,620   ",61.4   ,"16,003   ",5.4   
01,Alabama,2020,11,"3,887,946   ","2,263,901   ",58.2   ,"2,158,343   ",55.5   ,"105,558   ",4.7   
02,Alaska,2020,11,"545,133   ","354,071   ",65.0   ,"331,069   ",60.7   ,"23,002   ",6.5   
04,Arizona,2020,11,"5,910,601   ","3,563,927   ",60.3   ,"3,322,173   ",56.2   ,"241,754   ",6.8   
05,Arkansas,2020,11,"2,363,579   ","1,328,600   ",56.2   ,"1,258,385   ",53.2   ,"70,215   ",5.3   
06,California,2020,11,"31,090,632   ","18,604,626   ",59.8   ,"16,983,903   ",54.6   ,"1,620,723   ",8.7   
037,Los Angeles County,2020,11,"8,001,285   ","4,897,806   ",61.2   ,"4,284,455   ",53.5   ,"613,351   ",12.5   
08,Colorado,2020,11,"4,633,108   ","3,166,511   ",68.3   ,"2,947,931   ",63.6   ,"218,580   ",6.9   
09,Connecticut,2020,11,"2,881,741   ","1,843,528   ",64.0   ,"1,691,777   ",58.7   ,"151,751   ",8.2   
10,Delaware,2020,11,"794,630   ","481,873   ",60.6   ,"453,979   ",57.1   ,"27,894   ",5.8   
11,District of Columbia,2020,11,"584,302   ","409,612   ",70.1   ,"373,627   ",63.9   ,"35,985   ",8.8   
12,Florida,2020,11,"17,725,160   ","10,025,050   ",56.6   ,"9,485,302   ",53.5   ,"539,748   ",5.4   
13,Georgia,2020,11,"8,330,547   ","5,116,371   ",61.4   ,"4,831,240   ",58.0   ,"285,131   ",5.6   
15,Hawaii,2020,11,"1,084,113   ","655,912   ",60.5   ,"588,368   ",54.3   ,"67,544   ",10.3   
16,Idaho,2020,11,"1,420,432   ","901,615   ",63.5   ,"862,991   ",60.8   ,"38,624   ",4.3   
17,Illinois,2020,11,"9,943,419   ","6,161,356   ",62.0   ,"5,662,138   ",56.9   ,"499,218   ",8.1   
18,Indiana,2020,11,"5,282,747   ","3,340,983   ",63.2   ,"3,173,510   ",60.1   ,"167,473   ",5.0   
19,Iowa,2020,11,"2,481,531   ","1,625,043   ",65.5   ,"1,560,883   ",62.9   ,"64,160   ",3.9   
20,Kansas,2020,11,"2,236,775   ","1,513,503   ",67.7   ,"1,442,525   ",64.5   ,"70,978   ",4.7   
21,Kentucky,2020,11,"3,511,462   ","1,983,374   ",56.5   ,"1,872,685   ",53.3   ,"110,689   ",5.6   
22,Louisiana,2020,11,"3,579,170   ","2,094,642   ",58.5   ,"1,929,950   ",53.9   ,"164,692   ",7.9   
23,Maine,2020,11,"1,120,025   ","666,706   ",59.5   ,"633,957   ",56.6   ,"32,749   ",4.9   
24,Maryland,2020,11,"4,774,038   ","3,113,418   ",65.2   ,"2,901,959   ",60.8   ,"211,459   ",6.8   
25,Massachusetts,2020,11,"5,647,713   ","3,721,554   ",65.9   ,"3,408,246   ",60.3   ,"313,308   ",8.4   
26,Michigan,2020,11,"7,995,779   ","4,855,661   ",60.7   ,"4,458,979   ",55.8   ,"396,682   ",8.2   
27,Minnesota,2020,11,"4,456,287   ","3,057,403   ",68.6   ,"2,905,452   ",65.2   ,"151,951   ",5.0   
28,Mississippi,2020,11,"2,286,424   ","1,272,826   ",55.7   ,"1,187,251   ",51.9   ,"85,575   ",6.7   
29,Missouri,2020,11,"4,842,526   ","3,061,073   ",63.2   ,"2,918,134   ",60.3   ,"142,939   ",4.7   
30,Montana,2020,11,"865,491   ","534,549   ",61.8   ,"510,758   ",59.0   ,"23,791   ",4.5   
31,Nebraska,2020,11,"1,489,408   ","1,024,861   ",68.8   ,"989,563   ",66.4   ,"35,298   ",3.4   
32,Nevada,2020,11,"2,498,025   ","1,509,102   ",60.4   ,"1,378,050   ",55.2   ,"131,052   ",8.7   
33,New Hampshire,2020,11,"1,132,806   ","762,163   ",67.3   ,"730,088   ",64.4   ,"32,075   ",4.2   
34,New Jersey,2020,11,"7,075,314   ","4,500,435   ",63.6   ,"4,041,997   ",57.1   ,"458,438   ",10.2   
35,New Mexico,2020,11,"1,657,514   ","960,308   ",57.9   ,"878,206   ",53.0   ,"82,102   ",8.5   
36,New York,2020,11,"15,543,645   ","9,261,209   ",59.6   ,"8,457,527   ",54.4   ,"803,682   ",8.7   
51000,New York city,2020,11,"6,646,239   ","3,868,989   ",58.2   ,"3,405,286   ",51.2   ,"463,703   ",12.0   
37,North Carolina,2020,11,"8,397,996   ","5,035,748   ",60.0   ,"4,712,638   ",56.1   ,"323,110   ",6.4   
38,North Dakota,2020,11,"585,792   ","404,531   ",69.1   ,"385,572   ",65.8   ,"18,959   ",4.7   
39,Ohio,2020,11,"9,261,688   ","5,732,818   ",61.9   ,"5,413,227   ",58.4   ,"319,591   ",5.6   
40,Oklahoma,2020,11,"3,061,177   ","1,861,831   ",60.8   ,"1,772,259   ",57.9   ,"89,572   ",4.8   
41,Oregon,2020,11,"3,452,417   ","2,132,974   ",61.8   ,"1,992,470   ",57.7   ,"140,504   ",6.6   
42,Pennsylvania,2020,11,"10,277,120   ","6,310,994   ",61.4   ,"5,865,408   ",57.1   ,"445,586   ",7.1   
44,Rhode Island,2020,11,"864,222   ","538,810   ",62.3   ,"496,202   ",57.4   ,"42,608   ",7.9   
45,South Carolina,2020,11,"4,153,709   ","2,348,943   ",56.6   ,"2,217,588   ",53.4   ,"131,355   ",5.6   
46,South Dakota,2020,11,"681,954   ","455,436   ",66.8   ,"439,012   ",64.4   ,"16,424   ",3.6   
47,Tennessee,2020,11,"5,459,887   ","3,314,879   ",60.7   ,"3,130,511   ",57.3   ,"184,368   ",5.6   
48,Texas,2020,11,"22,418,959   ","13,992,055   ",62.4   ,"12,989,789   ",57.9   ,"1,002,266   ",7.2   
49,Utah,2020,11,"2,418,202   ","1,631,847   ",67.5   ,"1,574,574   ",65.1   ,"57,273   ",3.5   
50,Vermont,2020,11,"518,950   ","316,982   ",61.1   ,"305,386   ",58.8   ,"11,596   ",3.7   
51,Virginia,2020,11,"6,735,886   ","4,271,293   ",63.4   ,"4,023,075   ",59.7   ,"248,218   ",5.8   
53,Washington,2020,11,"6,125,522   ","3,842,951   ",62.7   ,"3,586,497   ",58.6   ,"256,454   ",6.7   
54,West Virginia,2020,11,"1,441,277   ","795,116   ",55.2   ,"739,079   ",51.3   ,"56,037   ",7.0   
55,Wisconsin,2020,11,"4,661,965   ","3,054,158   ",65.5   ,"2,921,245   ",62.7   ,"132,913   ",4.4   
56,Wyoming,2020,11,"455,610   ","295,063   ",64.8   ,"279,509   ",61.3   ,"15,554   ",5.3   
01,Alabama,2020,12,"3,889,304   ","2,264,054   ",58.2   ,"2,157,736   ",55.5   ,"106,318   ",4.7   
02,Alaska,2020,12,"545,002   ","354,035   ",65.0   ,"330,888   ",60.7   ,"23,147   ",6.5   
04,Arizona,2020,12,"5,921,658   ","3,569,317   ",60.3   ,"3,326,907   ",56.2   ,"242,410   ",6.8   
05,Arkansas,2020,12,"2,364,696   ","1,379,313   ",58.3   ,"1,312,142   ",55.5   ,"67,171   ",4.9   
06,California,2020,12,"31,092,761   ","18,705,475   ",60.2   ,"16,957,019   ",54.5   ,"1,748,456   ",9.3   
037,Los Angeles County,2020,12,"7,998,109   ","4,878,866   ",61.0   ,"4,264,014   ",53.3   ,"614,852   ",12.6   
08,Colorado,2020,12,"4,638,089   ","3,176,560   ",68.5   ,"2,957,291   ",63.8   ,"219,269   ",6.9   
09,Connecticut,2020,12,"2,881,139   ","1,842,967   ",64.0   ,"1,690,960   ",58.7   ,"152,007   ",8.2   
10,Delaware,2020,12,"795,439   ","481,840   ",60.6   ,"453,637   ",57.0   ,"28,203   ",5.9   
11,District of Columbia,2020,12,"584,381   ","409,328   ",70.0   ,"373,290   ",63.9   ,"36,038   ",8.8   
12,Florida,2020,12,"17,741,498   ","10,043,992   ",56.6   ,"9,528,878   ",53.7   ,"515,114   ",5.1   
13,Georgia,2020,12,"8,337,625   ","5,100,297   ",61.2   ,"4,829,189   ",57.9   ,"271,108   ",5.3   
15,Hawaii,2020,12,"1,083,643   ","655,587   ",60.5   ,"588,168   ",54.3   ,"67,419   ",10.3   
16,Idaho,2020,12,"1,423,536   ","900,245   ",63.2   ,"865,649   ",60.8   ,"34,596   ",3.8   
17,Illinois,2020,12,"9,939,435   ","6,150,544   ",61.9   ,"5,659,671   ",56.9   ,"490,873   ",8.0   
18,Indiana,2020,12,"5,284,652   ","3,343,929   ",63.3   ,"3,190,041   ",60.4   ,"153,888   ",4.6   
19,Iowa,2020,12,"2,481,817   ","1,619,441   ",65.3   ,"1,559,562   ",62.8   ,"59,879   ",3.7   
20,Kansas,2020,12,"2,237,175   ","1,518,416   ",67.9   ,"1,446,860   ",64.7   ,"71,556   ",4.7   
21,Kentucky,2020,12,"3,512,248   ","1,982,759   ",56.5   ,"1,871,847   ",53.3   ,"110,912   ",5.6   
22,Louisiana,2020,12,"3,578,682   ","2,095,025   ",58.5   ,"1,929,532   ",53.9   ,"165,493   ",7.9   
23,Maine,2020,12,"1,120,437   ","666,913   ",59.5   ,"633,553   ",56.5   ,"33,360   ",5.0   
24,Maryland,2020,12,"4,773,973   ","3,112,292   ",65.2   ,"2,900,385   ",60.8   ,"211,907   ",6.8   
25,Massachusetts,2020,12,"5,647,094   ","3,753,070   ",66.5   ,"3,438,583   ",60.9   ,"314,487   ",8.4   
26,Michigan,2020,12,"7,995,651   ","4,855,353   ",60.7   ,"4,454,983   ",55.7   ,"400,370   ",8.2   
27,Minnesota,2020,12,"4,457,728   ","3,048,729   ",68.4   ,"2,904,806   ",65.2   ,"143,923   ",4.7   
28,Mississippi,2020,12,"2,286,392   ","1,276,640   ",55.8   ,"1,192,792   ",52.2   ,"83,848   ",6.6   
29,Missouri,2020,12,"4,844,027   ","3,051,663   ",63.0   ,"2,916,551   ",60.2   ,"135,112   ",4.4   
30,Montana,2020,12,"866,314   ","532,934   ",61.5   ,"510,472   ",58.9   ,"22,462   ",4.2   
31,Nebraska,2020,12,"1,489,954   ","1,023,600   ",68.7   ,"989,072   ",66.4   ,"34,528   ",3.4   
32,Nevada,2020,12,"2,501,811   ","1,516,397   ",60.6   ,"1,391,773   ",55.6   ,"124,624   ",8.2   
33,New Hampshire,2020,12,"1,133,299   ","763,394   ",67.4   ,"734,174   ",64.8   ,"29,220   ",3.8   
34,New Jersey,2020,12,"7,074,559   ","4,377,299   ",61.9   ,"4,039,568   ",57.1   ,"337,731   ",7.7   
35,New Mexico,2020,12,"1,658,429   ","960,113   ",57.9   ,"877,690   ",52.9   ,"82,423   ",8.6   
36,New York,2020,12,"15,534,828   ","9,290,419   ",59.8   ,"8,484,485   ",54.6   ,"805,934   ",8.7   
51000,New York city,2020,12,"6,639,598   ","3,868,206   ",58.3   ,"3,403,406   ",51.3   ,"464,800   ",12.0   
37,North Carolina,2020,12,"8,406,266   ","5,040,047   ",60.0   ,"4,731,164   ",56.3   ,"308,883   ",6.1   
38,North Dakota,2020,12,"585,886   ","404,240   ",69.0   ,"385,254   ",65.8   ,"18,986   ",4.7   
39,Ohio,2020,12,"9,262,241   ","5,763,310   ",62.2   ,"5,442,603   ",58.8   ,"320,707   ",5.6   
40,Oklahoma,2020,12,"3,062,909   ","1,861,928   ",60.8   ,"1,777,990   ",58.0   ,"83,938   ",4.5   
41,Oregon,2020,12,"3,454,895   ","2,141,252   ",62.0   ,"2,006,503   ",58.1   ,"134,749   ",6.3   
42,Pennsylvania,2020,12,"10,276,507   ","6,310,050   ",61.4   ,"5,862,162   ",57.0   ,"447,888   ",7.1   
44,Rhode Island,2020,12,"864,213   ","538,617   ",62.3   ,"495,859   ",57.4   ,"42,758   ",7.9   
45,South Carolina,2020,12,"4,158,811   ","2,355,062   ",56.6   ,"2,223,480   ",53.5   ,"131,582   ",5.6   
46,South Dakota,2020,12,"682,349   ","471,631   ",69.1   ,"456,129   ",66.8   ,"15,502   ",3.3   
47,Tennessee,2020,12,"5,464,698   ","3,313,650   ",60.6   ,"3,127,609   ",57.2   ,"186,041   ",5.6   
48,Texas,2020,12,"22,447,253   ","14,133,518   ",63.0   ,"13,162,510   ",58.6   ,"971,008   ",6.9   
49,Utah,2020,12,"2,422,249   ","1,626,916   ",67.2   ,"1,573,578   ",65.0   ,"53,338   ",3.3   
50,Vermont,2020,12,"518,976   ","316,150   ",60.9   ,"305,226   ",58.8   ,"10,924   ",3.5   
51,Virginia,2020,12,"6,738,044   ","4,255,079   ",63.2   ,"4,018,875   ",59.6   ,"236,204   ",5.6   
53,Washington,2020,12,"6,131,010   ","3,830,416   ",62.5   ,"3,590,957   ",58.6   ,"239,459   ",6.3   
54,West Virginia,2020,12,"1,440,682   ","796,614   ",55.3   ,"742,916   ",51.6   ,"53,698   ",6.7   
55,Wisconsin,2020,12,"4,663,376   ","3,053,836   ",65.5   ,"2,932,229   ",62.9   ,"121,607   ",4.0   
56,Wyoming,2020,12,"455,877   ","294,630   ",64.6   ,"279,346   ",61.3   ,"15,284   ",5.2   
01,Alabama,2021,01,"3,890,500   ","2,257,961   ",58.0   ,"2,160,236   ",55.5   ,"97,725   ",4.3   
02,Alaska,2021,01,"544,894   ","354,958   ",65.1   ,"331,373   ",60.8   ,"23,585   ",6.6   
04,Arizona,2021,01,"5,932,506   ","3,571,263   ",60.2   ,"3,331,367   ",56.2   ,"239,896   ",6.7   
05,Arkansas,2021,01,"2,365,706   ","1,375,929   ",58.2   ,"1,312,405   ",55.5   ,"63,524   ",4.6   
06,California,2021,01,"31,093,847   ","18,668,523   ",60.0   ,"16,988,683   ",54.6   ,"1,679,840   ",9.0   
037,Los Angeles County,2021,01,"7,995,220   ","4,877,008   ",61.0   ,"4,263,931   ",53.3   ,"613,077   ",12.6   
08,Colorado,2021,01,"4,642,794   ","3,183,395   ",68.6   ,"2,972,204   ",64.0   ,"211,191   ",6.6   
09,Connecticut,2021,01,"2,880,415   ","1,839,727   ",63.9   ,"1,690,546   ",58.7   ,"149,181   ",8.1   
10,Delaware,2021,01,"796,235   ","487,378   ",61.2   ,"457,875   ",57.5   ,"29,503   ",6.1   
11,District of Columbia,2021,01,"584,492   ","409,154   ",70.0   ,"374,800   ",64.1   ,"34,354   ",8.4   
12,Florida,2021,01,"17,757,100   ","10,068,685   ",56.7   ,"9,587,059   ",54.0   ,"481,626   ",4.8   
13,Georgia,2021,01,"8,344,325   ","5,112,237   ",61.3   ,"4,853,777   ",58.2   ,"258,460   ",5.1   
15,Hawaii,2021,01,"1,083,148   ","655,766   ",60.5   ,"588,116   ",54.3   ,"67,650   ",10.3   
16,Idaho,2021,01,"1,426,574   ","900,287   ",63.1   ,"869,144   ",60.9   ,"31,143   ",3.5   
17,Illinois,2021,01,"9,935,021   ","6,146,410   ",61.9   ,"5,673,481   ",57.1   ,"472,929   ",7.7   
18,Indiana,2021,01,"5,286,270   ","3,347,810   ",63.3   ,"3,206,431   ",60.7   ,"141,379   ",4.2   
19,Iowa,2021,01,"2,482,022   ","1,625,153   ",65.5   ,"1,567,143   ",63.1   ,"58,010   ",3.6   
20,Kansas,2021,01,"2,237,486   ","1,502,248   ",67.1   ,"1,450,464   ",64.8   ,"51,784   ",3.4   
21,Kentucky,2021,01,"3,512,884   ","1,989,380   ",56.6   ,"1,882,979   ",53.6   ,"106,401   ",5.3   
22,Louisiana,2021,01,"3,578,075   ","2,084,330   ",58.3   ,"1,925,840   ",53.8   ,"158,490   ",7.6   
23,Maine,2021,01,"1,120,850   ","671,317   ",59.9   ,"636,270   ",56.8   ,"35,047   ",5.2   
24,Maryland,2021,01,"4,773,686   ","3,106,287   ",65.1   ,"2,907,520   ",60.9   ,"198,767   ",6.4   
25,Massachusetts,2021,01,"5,646,187   ","3,756,720   ",66.5   ,"3,461,950   ",61.3   ,"294,770   ",7.8   
26,Michigan,2021,01,"7,995,094   ","4,736,547   ",59.2   ,"4,465,785   ",55.9   ,"270,762   ",5.7   
27,Minnesota,2021,01,"4,458,943   ","3,025,807   ",67.9   ,"2,889,849   ",64.8   ,"135,958   ",4.5   
28,Mississippi,2021,01,"2,286,271   ","1,279,970   ",56.0   ,"1,197,779   ",52.4   ,"82,191   ",6.4   
29,Missouri,2021,01,"4,845,259   ","3,042,955   ",62.8   ,"2,912,406   ",60.1   ,"130,549   ",4.3   
30,Montana,2021,01,"867,082   ","532,910   ",61.5   ,"511,691   ",59.0   ,"21,219   ",4.0   
31,Nebraska,2021,01,"1,490,395   ","1,024,822   ",68.8   ,"992,112   ",66.6   ,"32,710   ",3.2   
32,Nevada,2021,01,"2,505,533   ","1,536,046   ",61.3   ,"1,405,483   ",56.1   ,"130,563   ",8.5   
33,New Hampshire,2021,01,"1,133,752   ","762,932   ",67.3   ,"735,797   ",64.9   ,"27,135   ",3.6   
34,New Jersey,2021,01,"7,073,517   ","4,403,593   ",62.3   ,"4,059,857   ",57.4   ,"343,736   ",7.8   
35,New Mexico,2021,01,"1,659,311   ","958,879   ",57.8   ,"875,603   ",52.8   ,"83,276   ",8.7   
36,New York,2021,01,"15,525,350   ","9,283,011   ",59.8   ,"8,467,554   ",54.5   ,"815,457   ",8.8   
51000,New York city,2021,01,"6,633,202   ","3,866,736   ",58.3   ,"3,378,406   ",50.9   ,"488,330   ",12.6   
37,North Carolina,2021,01,"8,414,124   ","5,039,506   ",59.9   ,"4,741,787   ",56.4   ,"297,719   ",5.9   
38,North Dakota,2021,01,"585,942   ","404,511   ",69.0   ,"386,267   ",65.9   ,"18,244   ",4.5   
39,Ohio,2021,01,"9,262,261   ","5,768,594   ",62.3   ,"5,462,512   ",59.0   ,"306,082   ",5.3   
40,Oklahoma,2021,01,"3,064,511   ","1,864,691   ",60.8   ,"1,783,422   ",58.2   ,"81,269   ",4.4   
41,Oregon,2021,01,"3,457,167   ","2,150,483   ",62.2   ,"2,017,032   ",58.3   ,"133,451   ",6.2   
42,Pennsylvania,2021,01,"10,275,393   ","6,294,551   ",61.3   ,"5,837,381   ",56.8   ,"457,170   ",7.3   
44,Rhode Island,2021,01,"864,204   ","540,236   ",62.5   ,"501,193   ",58.0   ,"39,043   ",7.2   
45,South Carolina,2021,01,"4,163,639   ","2,360,747   ",56.7   ,"2,235,303   ",53.7   ,"125,444   ",5.3   
46,South Dakota,2021,01,"682,691   ","470,476   ",68.9   ,"456,033   ",66.8   ,"14,443   ",3.1   
47,Tennessee,2021,01,"5,469,230   ","3,317,190   ",60.7   ,"3,146,950   ",57.5   ,"170,240   ",5.1   
48,Texas,2021,01,"22,474,687   ","14,063,544   ",62.6   ,"13,104,983   ",58.3   ,"958,561   ",6.8   
49,Utah,2021,01,"2,426,150   ","1,630,721   ",67.2   ,"1,580,527   ",65.1   ,"50,194   ",3.1   
50,Vermont,2021,01,"518,952   ","314,630   ",60.6   ,"304,521   ",58.7   ,"10,109   ",3.2   
51,Virginia,2021,01,"6,739,873   ","4,254,052   ",63.1   ,"4,026,838   ",59.7   ,"227,214   ",5.3   
53,Washington,2021,01,"6,136,163   ","3,835,229   ",62.5   ,"3,606,638   ",58.8   ,"228,591   ",6.0   
54,West Virginia,2021,01,"1,440,030   ","796,469   ",55.3   ,"744,865   ",51.7   ,"51,604   ",6.5   
55,Wisconsin,2021,01,"4,664,495   ","3,056,717   ",65.5   ,"2,939,823   ",63.0   ,"116,894   ",3.8   
56,Wyoming,2021,01,"456,106   ","295,132   ",64.7   ,"280,002   ",61.4   ,"15,130   ",5.1   
01,Alabama,2021,02,"3,891,139   ","2,248,764   ",57.8   ,"2,157,723   ",55.5   ,"91,041   ",4.0   
02,Alaska,2021,02,"544,693   ","351,058   ",64.5   ,"327,753   ",60.2   ,"23,305   ",6.6   
04,Arizona,2021,02,"5,942,577   ","3,580,631   ",60.3   ,"3,333,226   ",56.1   ,"247,405   ",6.9   
05,Arkansas,2021,02,"2,366,377   ","1,363,690   ",57.6   ,"1,302,084   ",55.0   ,"61,606   ",4.5   
06,California,2021,02,"31,091,641   ","18,942,703   ",60.9   ,"17,332,682   ",55.7   ,"1,610,021   ",8.5   
037,Los Angeles County,2021,02,"7,991,619   ","5,116,841   ",64.0   ,"4,529,576   ",56.7   ,"587,265   ",11.5   
08,Colorado,2021,02,"4,647,075   ","3,182,752   ",68.5   ,"2,978,091   ",64.1   ,"204,661   ",6.4   
09,Connecticut,2021,02,"2,879,316   ","1,712,565   ",59.5   ,"1,566,977   ",54.4   ,"145,588   ",8.5   
10,Delaware,2021,02,"796,901   ","488,751   ",61.3   ,"457,785   ",57.4   ,"30,966   ",6.3   
11,District of Columbia,2021,02,"584,457   ","408,389   ",69.9   ,"375,159   ",64.2   ,"33,230   ",8.1   
12,Florida,2021,02,"17,769,891   ","10,124,393   ",57.0   ,"9,650,056   ",54.3   ,"474,337   ",4.7   
13,Georgia,2021,02,"8,350,072   ","5,145,336   ",61.6   ,"4,899,254   ",58.7   ,"246,082   ",4.8   
15,Hawaii,2021,02,"1,082,480   ","655,838   ",60.6   ,"595,260   ",55.0   ,"60,578   ",9.2   
16,Idaho,2021,02,"1,429,397   ","899,915   ",63.0   ,"870,059   ",60.9   ,"29,856   ",3.3   
17,Illinois,2021,02,"9,929,473   ","6,138,656   ",61.8   ,"5,684,129   ",57.2   ,"454,527   ",7.4   
18,Indiana,2021,02,"5,287,355   ","3,342,841   ",63.2   ,"3,208,912   ",60.7   ,"133,929   ",4.0   
19,Iowa,2021,02,"2,481,881   ","1,630,927   ",65.7   ,"1,570,232   ",63.3   ,"60,695   ",3.7   
20,Kansas,2021,02,"2,237,550   ","1,508,461   ",67.4   ,"1,451,324   ",64.9   ,"57,137   ",3.8   
21,Kentucky,2021,02,"3,513,075   ","1,993,096   ",56.7   ,"1,889,712   ",53.8   ,"103,384   ",5.2   
22,Louisiana,2021,02,"3,576,989   ","2,075,645   ",58.0   ,"1,918,466   ",53.6   ,"157,179   ",7.6   
23,Maine,2021,02,"1,121,094   ","672,049   ",59.9   ,"639,651   ",57.1   ,"32,398   ",4.8   
24,Maryland,2021,02,"4,772,844   ","3,103,085   ",65.0   ,"2,909,565   ",61.0   ,"193,520   ",6.2   
25,Massachusetts,2021,02,"5,644,665   ","3,740,812   ",66.3   ,"3,477,886   ",61.6   ,"262,926   ",7.0   
26,Michigan,2021,02,"7,993,560   ","4,695,097   ",58.7   ,"4,451,838   ",55.7   ,"243,259   ",5.2   
27,Minnesota,2021,02,"4,459,692   ","3,031,173   ",68.0   ,"2,897,623   ",65.0   ,"133,550   ",4.4   
28,Mississippi,2021,02,"2,285,852   ","1,281,423   ",56.1   ,"1,200,432   ",52.5   ,"80,991   ",6.3   
29,Missouri,2021,02,"4,845,885   ","3,054,095   ",63.0   ,"2,921,557   ",60.3   ,"132,538   ",4.3   
30,Montana,2021,02,"867,716   ","531,262   ",61.2   ,"510,513   ",58.8   ,"20,749   ",3.9   
31,Nebraska,2021,02,"1,490,687   ","1,020,915   ",68.5   ,"988,967   ",66.3   ,"31,948   ",3.1   
32,Nevada,2021,02,"2,508,958   ","1,547,256   ",61.7   ,"1,416,662   ",56.5   ,"130,594   ",8.4   
33,New Hampshire,2021,02,"1,134,093   ","761,266   ",67.1   ,"736,509   ",64.9   ,"24,757   ",3.3   
34,New Jersey,2021,02,"7,071,661   ","4,400,717   ",62.2   ,"4,058,931   ",57.4   ,"341,786   ",7.8   
35,New Mexico,2021,02,"1,659,946   ","959,116   ",57.8   ,"879,428   ",53.0   ,"79,688   ",8.3   
36,New York,2021,02,"15,514,030   ","9,289,219   ",59.9   ,"8,463,254   ",54.6   ,"825,965   ",8.9   
51000,New York city,2021,02,"6,626,156   ","3,875,576   ",58.5   ,"3,376,422   ",51.0   ,"499,154   ",12.9   
37,North Carolina,2021,02,"8,421,014   ","5,032,870   ",59.8   ,"4,746,215   ",56.4   ,"286,655   ",5.7   
38,North Dakota,2021,02,"585,924   ","404,881   ",69.1   ,"385,567   ",65.8   ,"19,314   ",4.8   
39,Ohio,2021,02,"9,261,248   ","5,754,831   ",62.1   ,"5,467,073   ",59.0   ,"287,758   ",5.0   
40,Oklahoma,2021,02,"3,065,768   ","1,865,515   ",60.8   ,"1,784,222   ",58.2   ,"81,293   ",4.4   
41,Oregon,2021,02,"3,459,073   ","2,152,231   ",62.2   ,"2,021,314   ",58.4   ,"130,917   ",6.1   
42,Pennsylvania,2021,02,"10,273,015   ","6,336,114   ",61.7   ,"5,867,054   ",57.1   ,"469,060   ",7.4   
44,Rhode Island,2021,02,"864,073   ","538,742   ",62.3   ,"499,579   ",57.8   ,"39,163   ",7.3   
45,South Carolina,2021,02,"4,167,943   ","2,377,180   ",57.0   ,"2,253,252   ",54.1   ,"123,928   ",5.2   
46,South Dakota,2021,02,"682,979   ","472,209   ",69.1   ,"458,060   ",67.1   ,"14,149   ",3.0   
47,Tennessee,2021,02,"5,473,138   ","3,308,398   ",60.4   ,"3,146,088   ",57.5   ,"162,310   ",4.9   
48,Texas,2021,02,"22,500,029   ","14,005,206   ",62.2   ,"13,034,891   ",57.9   ,"970,315   ",6.9   
49,Utah,2021,02,"2,429,915   ","1,630,643   ",67.1   ,"1,581,744   ",65.1   ,"48,899   ",3.0   
50,Vermont,2021,02,"518,856   ","313,180   ",60.4   ,"303,663   ",58.5   ,"9,517   ",3.0   
51,Virginia,2021,02,"6,740,927   ","4,236,621   ",62.8   ,"4,016,894   ",59.6   ,"219,727   ",5.2   
53,Washington,2021,02,"6,140,754   ","3,837,024   ",62.5   ,"3,621,472   ",59.0   ,"215,552   ",5.6   
54,West Virginia,2021,02,"1,439,233   ","796,069   ",55.3   ,"746,406   ",51.9   ,"49,663   ",6.2   
55,Wisconsin,2021,02,"4,665,137   ","3,059,420   ",65.6   ,"2,942,857   ",63.1   ,"116,563   ",3.8   
56,Wyoming,2021,02,"456,315   ","295,385   ",64.7   ,"279,794   ",61.3   ,"15,591   ",5.3   
01,Alabama,2021,03,"3,892,132   ","2,236,280   ",57.5   ,"2,151,610   ",55.3   ,"84,670   ",3.8   
02,Alaska,2021,03,"544,548   ","348,617   ",64.0   ,"325,443   ",59.8   ,"23,174   ",6.6   
04,Arizona,2021,03,"5,952,938   ","3,587,380   ",60.3   ,"3,346,926   ",56.2   ,"240,454   ",6.7   
05,Arkansas,2021,03,"2,367,295   ","1,359,901   ",57.4   ,"1,299,702   ",54.9   ,"60,199   ",4.4   
06,California,2021,03,"31,090,057   ","18,902,983   ",60.8   ,"17,342,568   ",55.8   ,"1,560,415   ",8.3   
037,Los Angeles County,2021,03,"7,988,311   ","5,104,945   ",63.9   ,"4,525,854   ",56.7   ,"579,091   ",11.3   
08,Colorado,2021,03,"4,651,709   ","3,188,532   ",68.5   ,"2,983,155   ",64.1   ,"205,377   ",6.4   
09,Connecticut,2021,03,"2,878,425   ","1,729,780   ",60.1   ,"1,586,542   ",55.1   ,"143,238   ",8.3   
10,Delaware,2021,03,"797,621   ","489,462   ",61.4   ,"457,822   ",57.4   ,"31,640   ",6.5   
11,District of Columbia,2021,03,"584,522   ","406,931   ",69.6   ,"375,380   ",64.2   ,"31,551   ",7.8   
12,Florida,2021,03,"17,783,671   ","10,169,969   ",57.2   ,"9,695,343   ",54.5   ,"474,626   ",4.7   
13,Georgia,2021,03,"8,356,449   ","5,161,098   ",61.8   ,"4,929,108   ",59.0   ,"231,990   ",4.5   
15,Hawaii,2021,03,"1,081,814   ","649,537   ",60.0   ,"590,787   ",54.6   ,"58,750   ",9.0   
16,Idaho,2021,03,"1,432,388   ","899,375   ",62.8   ,"870,560   ",60.8   ,"28,815   ",3.2   
17,Illinois,2021,03,"9,924,647   ","6,129,626   ",61.8   ,"5,693,253   ",57.4   ,"436,373   ",7.1   
18,Indiana,2021,03,"5,288,901   ","3,336,946   ",63.1   ,"3,206,661   ",60.6   ,"130,285   ",3.9   
19,Iowa,2021,03,"2,482,030   ","1,634,307   ",65.8   ,"1,573,432   ",63.4   ,"60,875   ",3.7   
20,Kansas,2021,03,"2,237,761   ","1,510,600   ",67.5   ,"1,454,132   ",65.0   ,"56,468   ",3.7   
21,Kentucky,2021,03,"3,513,671   ","1,990,548   ",56.7   ,"1,890,995   ",53.8   ,"99,553   ",5.0   
22,Louisiana,2021,03,"3,576,188   ","2,074,153   ",58.0   ,"1,922,038   ",53.7   ,"152,115   ",7.3   
23,Maine,2021,03,"1,121,440   ","673,064   ",60.0   ,"640,448   ",57.1   ,"32,616   ",4.8   
24,Maryland,2021,03,"4,772,254   ","3,108,329   ",65.1   ,"2,916,820   ",61.1   ,"191,509   ",6.2   
25,Massachusetts,2021,03,"5,643,634   ","3,745,324   ",66.4   ,"3,492,284   ",61.9   ,"253,040   ",6.8   
26,Michigan,2021,03,"7,992,752   ","4,703,446   ",58.8   ,"4,464,345   ",55.9   ,"239,101   ",5.1   
27,Minnesota,2021,03,"4,460,873   ","3,023,751   ",67.8   ,"2,896,744   ",64.9   ,"127,007   ",4.2   
28,Mississippi,2021,03,"2,285,593   ","1,281,128   ",56.1   ,"1,200,858   ",52.5   ,"80,270   ",6.3   
29,Missouri,2021,03,"4,847,023   ","3,064,712   ",63.2   ,"2,935,792   ",60.6   ,"128,920   ",4.2   
30,Montana,2021,03,"868,461   ","531,701   ",61.2   ,"511,723   ",58.9   ,"19,978   ",3.8   
31,Nebraska,2021,03,"1,491,090   ","1,020,135   ",68.4   ,"990,074   ",66.4   ,"30,061   ",2.9   
32,Nevada,2021,03,"2,512,490   ","1,552,901   ",61.8   ,"1,426,545   ",56.8   ,"126,356   ",8.1   
33,New Hampshire,2021,03,"1,134,526   ","759,400   ",66.9   ,"736,464   ",64.9   ,"22,936   ",3.0   
34,New Jersey,2021,03,"7,070,188   ","4,422,173   ",62.5   ,"4,083,572   ",57.8   ,"338,601   ",7.7   
35,New Mexico,2021,03,"1,660,619   ","956,691   ",57.6   ,"877,639   ",52.9   ,"79,052   ",8.3   
36,New York,2021,03,"15,503,637   ","9,524,018   ",61.4   ,"8,719,076   ",56.2   ,"804,942   ",8.5   
51000,New York city,2021,03,"6,619,368   ","4,115,665   ",62.2   ,"3,635,808   ",54.9   ,"479,857   ",11.7   
37,North Carolina,2021,03,"8,428,566   ","5,016,589   ",59.5   ,"4,757,553   ",56.4   ,"259,036   ",5.2   
38,North Dakota,2021,03,"586,001   ","404,057   ",69.0   ,"386,332   ",65.9   ,"17,725   ",4.4   
39,Ohio,2021,03,"9,261,114   ","5,751,459   ",62.1   ,"5,479,391   ",59.2   ,"272,068   ",4.7   
40,Oklahoma,2021,03,"3,067,258   ","1,865,329   ",60.8   ,"1,786,115   ",58.2   ,"79,214   ",4.2   
41,Oregon,2021,03,"3,461,246   ","2,156,152   ",62.3   ,"2,026,867   ",58.6   ,"129,285   ",6.0   
42,Pennsylvania,2021,03,"10,271,554   ","6,337,250   ",61.7   ,"5,874,780   ",57.2   ,"462,470   ",7.3   
44,Rhode Island,2021,03,"864,000   ","541,555   ",62.7   ,"503,364   ",58.3   ,"38,191   ",7.1   
45,South Carolina,2021,03,"4,172,613   ","2,388,111   ",57.2   ,"2,267,328   ",54.3   ,"120,783   ",5.1   
46,South Dakota,2021,03,"683,317   ","469,154   ",68.7   ,"455,600   ",66.7   ,"13,554   ",2.9   
47,Tennessee,2021,03,"5,477,548   ","3,314,748   ",60.5   ,"3,148,044   ",57.5   ,"166,704   ",5.0   
48,Texas,2021,03,"22,526,074   ","14,032,203   ",62.3   ,"13,064,687   ",58.0   ,"967,516   ",6.9   
49,Utah,2021,03,"2,433,891   ","1,632,094   ",67.1   ,"1,585,524   ",65.1   ,"46,570   ",2.9   
50,Vermont,2021,03,"518,818   ","313,096   ",60.3   ,"303,905   ",58.6   ,"9,191   ",2.9   
51,Virginia,2021,03,"6,742,545   ","4,238,239   ",62.9   ,"4,023,563   ",59.7   ,"214,676   ",5.1   
53,Washington,2021,03,"6,145,770   ","3,849,546   ",62.6   ,"3,640,079   ",59.2   ,"209,467   ",5.4   
54,West Virginia,2021,03,"1,438,564   ","795,653   ",55.3   ,"748,380   ",52.0   ,"47,273   ",5.9   
55,Wisconsin,2021,03,"4,666,237   ","3,066,256   ",65.7   ,"2,949,013   ",63.2   ,"117,243   ",3.8   
56,Wyoming,2021,03,"456,556   ","295,666   ",64.8   ,"279,919   ",61.3   ,"15,747   ",5.3   